global_job_id,operation_id,machine_id,expected_time,actual_time,delay
FT06_J1,1,2,1,2,1
FT06_J1,2,0,3,5,2
FT06_J1,3,1,6,8,2
FT06_J1,4,3,7,10,3
FT06_J1,5,5,3,8,5
FT06_J1,6,4,6,11,5
FT06_J2,1,1,8,10,2
FT06_J2,2,2,5,5,0
FT06_J2,3,4,10,11,1
FT06_J2,4,5,10,15,5
FT06_J2,5,0,10,14,4
FT06_J2,6,3,4,5,1
FT06_J3,1,2,5,8,3
FT06_J3,2,3,4,6,2
FT06_J3,3,5,8,12,4
FT06_J3,4,0,9,11,2
FT06_J3,5,1,1,2,1
FT06_J3,6,4,7,8,1
FT06_J4,1,1,5,5,0
FT06_J4,2,0,5,7,2
FT06_J4,3,2,5,8,3
FT06_J4,4,3,3,4,1
FT06_J4,5,4,8,11,3
FT06_J4,6,5,9,11,2
FT06_J5,1,2,9,10,1
FT06_J5,2,1,3,8,5
FT06_J5,3,4,5,7,2
FT06_J5,4,5,4,8,4
FT06_J5,5,0,3,8,5
FT06_J5,6,3,1,4,3
FT06_J6,1,1,3,7,4
FT06_J6,2,3,3,8,5
FT06_J6,3,5,9,11,2
FT06_J6,4,0,10,13,3
FT06_J6,5,4,4,5,1
FT06_J6,6,2,1,1,0
FT10_J1,1,0,29,34,5
FT10_J1,2,1,78,79,1
FT10_J1,3,2,9,14,5
FT10_J1,4,3,36,40,4
FT10_J1,5,4,49,50,1
FT10_J1,6,5,11,14,3
FT10_J1,7,6,62,65,3
FT10_J1,8,7,56,59,3
FT10_J1,9,8,44,47,3
FT10_J1,10,9,21,21,0
FT10_J2,1,0,43,47,4
FT10_J2,2,2,90,94,4
FT10_J2,3,4,75,79,4
FT10_J2,4,9,11,14,3
FT10_J2,5,3,69,74,5
FT10_J2,6,1,28,32,4
FT10_J2,7,6,46,50,4
FT10_J2,8,5,46,47,1
FT10_J2,9,7,72,76,4
FT10_J2,10,8,30,34,4
FT10_J3,1,1,91,93,2
FT10_J3,2,0,85,90,5
FT10_J3,3,3,39,42,3
FT10_J3,4,2,74,75,1
FT10_J3,5,8,90,93,3
FT10_J3,6,5,10,10,0
FT10_J3,7,7,12,12,0
FT10_J3,8,6,89,89,0
FT10_J3,9,9,45,48,3
FT10_J3,10,4,33,37,4
FT10_J4,1,1,81,84,3
FT10_J4,2,2,95,98,3
FT10_J4,3,0,71,73,2
FT10_J4,4,4,99,101,2
FT10_J4,5,6,9,11,2
FT10_J4,6,8,52,57,5
FT10_J4,7,7,85,88,3
FT10_J4,8,3,98,102,4
FT10_J4,9,9,22,27,5
FT10_J4,10,5,43,45,2
FT10_J5,1,2,14,16,2
FT10_J5,2,0,6,6,0
FT10_J5,3,1,22,22,0
FT10_J5,4,5,61,62,1
FT10_J5,5,3,26,31,5
FT10_J5,6,4,69,74,5
FT10_J5,7,8,21,23,2
FT10_J5,8,7,49,51,2
FT10_J5,9,9,72,73,1
FT10_J5,10,6,53,55,2
FT10_J6,1,2,84,86,2
FT10_J6,2,1,2,2,0
FT10_J6,3,5,52,55,3
FT10_J6,4,3,95,96,1
FT10_J6,5,8,48,48,0
FT10_J6,6,9,72,72,0
FT10_J6,7,0,47,47,0
FT10_J6,8,6,65,70,5
FT10_J6,9,4,6,9,3
FT10_J6,10,7,25,28,3
FT10_J7,1,1,46,50,4
FT10_J7,2,0,37,38,1
FT10_J7,3,3,61,66,5
FT10_J7,4,2,13,15,2
FT10_J7,5,6,32,33,1
FT10_J7,6,5,21,26,5
FT10_J7,7,9,32,33,1
FT10_J7,8,8,89,90,1
FT10_J7,9,7,30,33,3
FT10_J7,10,4,55,60,5
FT10_J8,1,2,31,32,1
FT10_J8,2,0,86,91,5
FT10_J8,3,1,46,50,4
FT10_J8,4,5,74,77,3
FT10_J8,5,4,32,37,5
FT10_J8,6,6,88,90,2
FT10_J8,7,8,19,21,2
FT10_J8,8,9,48,50,2
FT10_J8,9,7,36,39,3
FT10_J8,10,3,79,82,3
FT10_J9,1,0,76,79,3
FT10_J9,2,1,69,70,1
FT10_J9,3,3,76,81,5
FT10_J9,4,5,51,52,1
FT10_J9,5,2,85,89,4
FT10_J9,6,9,11,16,5
FT10_J9,7,6,40,44,4
FT10_J9,8,7,89,94,5
FT10_J9,9,4,26,30,4
FT10_J9,10,8,74,79,5
FT10_J10,1,1,85,86,1
FT10_J10,2,0,13,18,5
FT10_J10,3,2,61,66,5
FT10_J10,4,6,7,7,0
FT10_J10,5,8,64,67,3
FT10_J10,6,9,76,80,4
FT10_J10,7,5,47,52,5
FT10_J10,8,3,52,53,1
FT10_J10,9,4,90,90,0
FT10_J10,10,7,45,45,0
FT20_J1,1,0,29,33,4
FT20_J1,2,1,9,10,1
FT20_J1,3,2,49,49,0
FT20_J1,4,3,62,65,3
FT20_J1,5,4,44,45,1
FT20_J2,1,0,43,46,3
FT20_J2,2,1,75,78,3
FT20_J2,3,3,69,74,5
FT20_J2,4,2,46,51,5
FT20_J2,5,4,72,77,5
FT20_J3,1,1,91,91,0
FT20_J3,2,0,39,39,0
FT20_J3,3,2,90,93,3
FT20_J3,4,4,12,13,1
FT20_J3,5,3,45,45,0
FT20_J4,1,1,81,85,4
FT20_J4,2,0,71,72,1
FT20_J4,3,4,9,12,3
FT20_J4,4,2,85,87,2
FT20_J4,5,3,22,25,3
FT20_J5,1,2,14,16,2
FT20_J5,2,1,22,24,2
FT20_J5,3,0,26,28,2
FT20_J5,4,3,21,24,3
FT20_J5,5,4,72,74,2
FT20_J6,1,2,84,89,5
FT20_J6,2,1,52,53,1
FT20_J6,3,4,48,52,4
FT20_J6,4,0,47,49,2
FT20_J6,5,3,6,9,3
FT20_J7,1,1,46,48,2
FT20_J7,2,0,61,65,4
FT20_J7,3,2,32,36,4
FT20_J7,4,3,32,32,0
FT20_J7,5,4,30,33,3
FT20_J8,1,2,31,33,2
FT20_J8,2,1,46,50,4
FT20_J8,3,0,32,37,5
FT20_J8,4,3,19,21,2
FT20_J8,5,4,36,38,2
FT20_J9,1,0,76,77,1
FT20_J9,2,3,76,78,2
FT20_J9,3,2,85,90,5
FT20_J9,4,1,40,41,1
FT20_J9,5,4,26,29,3
FT20_J10,1,1,85,89,4
FT20_J10,2,2,61,64,3
FT20_J10,3,0,64,65,1
FT20_J10,4,3,47,50,3
FT20_J10,5,4,90,92,2
FT20_J11,1,1,78,80,2
FT20_J11,2,3,36,41,5
FT20_J11,3,0,11,15,4
FT20_J11,4,4,56,57,1
FT20_J11,5,2,21,21,0
FT20_J12,1,2,90,92,2
FT20_J12,2,0,11,12,1
FT20_J12,3,1,28,29,1
FT20_J12,4,3,46,50,4
FT20_J12,5,4,30,32,2
FT20_J13,1,0,85,88,3
FT20_J13,2,2,74,75,1
FT20_J13,3,1,10,11,1
FT20_J13,4,3,89,93,4
FT20_J13,5,4,33,33,0
FT20_J14,1,2,95,97,2
FT20_J14,2,0,99,103,4
FT20_J14,3,1,52,56,4
FT20_J14,4,3,98,103,5
FT20_J14,5,4,43,46,3
FT20_J15,1,0,6,8,2
FT20_J15,2,1,61,63,2
FT20_J15,3,4,69,73,4
FT20_J15,4,2,49,54,5
FT20_J15,5,3,53,53,0
FT20_J16,1,1,2,6,4
FT20_J16,2,0,95,100,5
FT20_J16,3,3,72,75,3
FT20_J16,4,4,65,66,1
FT20_J16,5,2,25,28,3
FT20_J17,1,0,37,40,3
FT20_J17,2,2,13,14,1
FT20_J17,3,1,21,21,0
FT20_J17,4,3,89,94,5
FT20_J17,5,4,55,58,3
FT20_J18,1,0,86,89,3
FT20_J18,2,1,74,77,3
FT20_J18,3,4,88,91,3
FT20_J18,4,2,48,48,0
FT20_J18,5,3,79,81,2
FT20_J19,1,1,69,69,0
FT20_J19,2,2,51,54,3
FT20_J19,3,0,11,11,0
FT20_J19,4,3,89,89,0
FT20_J19,5,4,74,76,2
FT20_J20,1,0,13,17,4
FT20_J20,2,1,7,10,3
FT20_J20,3,2,76,77,1
FT20_J20,4,3,52,56,4
FT20_J20,5,4,45,47,2
LA01_J1,1,1,21,24,3
LA01_J1,2,0,53,58,5
LA01_J1,3,4,95,100,5
LA01_J1,4,3,55,55,0
LA01_J1,5,2,34,35,1
LA01_J2,1,0,21,21,0
LA01_J2,2,3,52,57,5
LA01_J2,3,4,16,19,3
LA01_J2,4,2,26,30,4
LA01_J2,5,1,71,75,4
LA01_J3,1,3,39,41,2
LA01_J3,2,4,98,101,3
LA01_J3,3,1,42,44,2
LA01_J3,4,2,31,34,3
LA01_J3,5,0,12,17,5
LA01_J4,1,1,77,80,3
LA01_J4,2,0,55,56,1
LA01_J4,3,4,79,80,1
LA01_J4,4,2,66,66,0
LA01_J4,5,3,77,77,0
LA01_J5,1,0,83,86,3
LA01_J5,2,3,34,39,5
LA01_J5,3,2,64,69,5
LA01_J5,4,1,19,21,2
LA01_J5,5,4,37,38,1
LA01_J6,1,1,54,58,4
LA01_J6,2,2,43,43,0
LA01_J6,3,4,79,81,2
LA01_J6,4,0,92,93,1
LA01_J6,5,3,62,66,4
LA01_J7,1,3,69,72,3
LA01_J7,2,4,77,79,2
LA01_J7,3,1,87,88,1
LA01_J7,4,2,87,92,5
LA01_J7,5,0,93,94,1
LA01_J8,1,2,38,39,1
LA01_J8,2,0,60,63,3
LA01_J8,3,1,41,42,1
LA01_J8,4,3,24,29,5
LA01_J8,5,4,83,87,4
LA01_J9,1,3,17,20,3
LA01_J9,2,1,49,54,5
LA01_J9,3,4,25,29,4
LA01_J9,4,0,44,48,4
LA01_J9,5,2,98,98,0
LA01_J10,1,4,77,82,5
LA01_J10,2,3,79,79,0
LA01_J10,3,2,43,46,3
LA01_J10,4,1,75,79,4
LA01_J10,5,0,96,99,3
LA05_J1,1,1,72,76,4
LA05_J1,2,0,87,90,3
LA05_J1,3,4,95,96,1
LA05_J1,4,2,66,70,4
LA05_J1,5,3,60,65,5
LA05_J2,1,4,5,6,1
LA05_J2,2,3,35,37,2
LA05_J2,3,0,48,48,0
LA05_J2,4,2,39,41,2
LA05_J2,5,1,54,57,3
LA05_J3,1,1,46,48,2
LA05_J3,2,3,20,23,3
LA05_J3,3,2,21,24,3
LA05_J3,4,0,97,100,3
LA05_J3,5,4,55,56,1
LA05_J4,1,0,59,61,2
LA05_J4,2,3,19,19,0
LA05_J4,3,4,46,51,5
LA05_J4,4,1,34,35,1
LA05_J4,5,2,37,38,1
LA05_J5,1,4,23,26,3
LA05_J5,2,2,73,76,3
LA05_J5,3,3,25,28,3
LA05_J5,4,1,24,24,0
LA05_J5,5,0,28,33,5
LA05_J6,1,3,28,32,4
LA05_J6,2,0,45,45,0
LA05_J6,3,4,5,10,5
LA05_J6,4,1,78,83,5
LA05_J6,5,2,83,84,1
LA05_J7,1,0,53,53,0
LA05_J7,2,3,71,76,5
LA05_J7,3,1,37,37,0
LA05_J7,4,4,29,33,4
LA05_J7,5,2,12,13,1
LA05_J8,1,4,12,14,2
LA05_J8,2,2,87,91,4
LA05_J8,3,3,33,34,1
LA05_J8,4,1,55,57,2
LA05_J8,5,0,38,41,3
LA05_J9,1,2,49,53,4
LA05_J9,2,3,83,84,1
LA05_J9,3,1,40,43,3
LA05_J9,4,0,48,50,2
LA05_J9,5,4,7,11,4
LA05_J10,1,2,65,70,5
LA05_J10,2,3,17,20,3
LA05_J10,3,0,90,91,1
LA05_J10,4,4,27,31,4
LA05_J10,5,1,23,25,2
LA10_J1,1,1,58,60,2
LA10_J1,2,2,44,48,4
LA10_J1,3,3,5,5,0
LA10_J1,4,0,9,14,5
LA10_J1,5,4,58,58,0
LA10_J2,1,1,89,90,1
LA10_J2,2,0,97,99,2
LA10_J2,3,4,96,96,0
LA10_J2,4,3,77,82,5
LA10_J2,5,2,84,89,5
LA10_J3,1,0,77,79,2
LA10_J3,2,1,87,90,3
LA10_J3,3,2,81,83,2
LA10_J3,4,4,39,44,5
LA10_J3,5,3,85,88,3
LA10_J4,1,3,57,61,4
LA10_J4,2,1,21,23,2
LA10_J4,3,2,31,35,4
LA10_J4,4,0,15,16,1
LA10_J4,5,4,73,77,4
LA10_J5,1,2,48,53,5
LA10_J5,2,0,40,42,2
LA10_J5,3,1,49,53,4
LA10_J5,4,3,70,75,5
LA10_J5,5,4,71,75,4
LA10_J6,1,3,34,37,3
LA10_J6,2,4,82,84,2
LA10_J6,3,2,80,84,4
LA10_J6,4,0,10,11,1
LA10_J6,5,1,22,24,2
LA10_J7,1,1,91,95,4
LA10_J7,2,4,75,79,4
LA10_J7,3,0,55,56,1
LA10_J7,4,2,17,19,2
LA10_J7,5,3,7,10,3
LA10_J8,1,2,62,66,4
LA10_J8,2,3,47,47,0
LA10_J8,3,1,72,73,1
LA10_J8,4,4,35,40,5
LA10_J8,5,0,11,13,2
LA10_J9,1,0,64,67,3
LA10_J9,2,3,75,75,0
LA10_J9,3,4,50,51,1
LA10_J9,4,1,90,90,0
LA10_J9,5,2,94,94,0
LA10_J10,1,2,67,70,3
LA10_J10,2,4,20,22,2
LA10_J10,3,3,15,17,2
LA10_J10,4,0,12,16,4
LA10_J10,5,1,71,72,1
LA10_J11,1,0,52,54,2
LA10_J11,2,4,93,96,3
LA10_J11,3,3,68,70,2
LA10_J11,4,2,29,30,1
LA10_J11,5,1,57,58,1
LA10_J12,1,2,70,74,4
LA10_J12,2,0,58,63,5
LA10_J12,3,1,93,98,5
LA10_J12,4,4,7,8,1
LA10_J12,5,3,77,81,4
LA10_J13,1,3,27,31,4
LA10_J13,2,2,82,84,2
LA10_J13,3,1,63,66,3
LA10_J13,4,4,6,10,4
LA10_J13,5,0,95,100,5
LA10_J14,1,1,87,90,3
LA10_J14,2,2,56,59,3
LA10_J14,3,4,36,39,3
LA10_J14,4,0,26,31,5
LA10_J14,5,3,48,49,1
LA10_J15,1,3,76,81,5
LA10_J15,2,2,36,37,1
LA10_J15,3,0,36,36,0
LA10_J15,4,4,15,20,5
LA10_J15,5,1,8,13,5
LA16_J1,1,1,21,23,2
LA16_J1,2,6,71,71,0
LA16_J1,3,9,16,18,2
LA16_J1,4,8,52,52,0
LA16_J1,5,7,26,29,3
LA16_J1,6,2,34,37,3
LA16_J1,7,0,53,57,4
LA16_J1,8,4,21,26,5
LA16_J1,9,3,55,58,3
LA16_J1,10,5,95,97,2
LA16_J2,1,4,55,55,0
LA16_J2,2,2,31,36,5
LA16_J2,3,5,98,102,4
LA16_J2,4,9,79,79,0
LA16_J2,5,0,12,12,0
LA16_J2,6,7,66,71,5
LA16_J2,7,1,42,46,4
LA16_J2,8,8,77,79,2
LA16_J2,9,6,77,77,0
LA16_J2,10,3,39,41,2
LA16_J3,1,3,34,35,1
LA16_J3,2,2,64,64,0
LA16_J3,3,8,62,65,3
LA16_J3,4,1,19,20,1
LA16_J3,5,4,92,95,3
LA16_J3,6,9,79,82,3
LA16_J3,7,7,43,45,2
LA16_J3,8,6,54,57,3
LA16_J3,9,0,83,84,1
LA16_J3,10,5,37,41,4
LA16_J4,1,1,87,92,5
LA16_J4,2,3,69,71,2
LA16_J4,3,2,87,89,2
LA16_J4,4,7,38,40,2
LA16_J4,5,8,24,25,1
LA16_J4,6,9,83,88,5
LA16_J4,7,6,41,43,2
LA16_J4,8,0,93,98,5
LA16_J4,9,5,77,82,5
LA16_J4,10,4,60,63,3
LA16_J5,1,2,98,98,0
LA16_J5,2,0,44,48,4
LA16_J5,3,5,25,26,1
LA16_J5,4,6,75,77,2
LA16_J5,5,7,43,47,4
LA16_J5,6,1,49,52,3
LA16_J5,7,4,96,99,3
LA16_J5,8,9,77,79,2
LA16_J5,9,3,17,19,2
LA16_J5,10,8,79,82,3
LA16_J6,1,2,35,38,3
LA16_J6,2,3,76,78,2
LA16_J6,3,5,28,30,2
LA16_J6,4,9,10,11,1
LA16_J6,5,4,61,61,0
LA16_J6,6,6,9,9,0
LA16_J6,7,0,95,95,0
LA16_J6,8,8,35,36,1
LA16_J6,9,1,7,10,3
LA16_J6,10,7,95,98,3
LA16_J7,1,3,16,19,3
LA16_J7,2,2,59,62,3
LA16_J7,3,0,46,48,2
LA16_J7,4,1,91,96,5
LA16_J7,5,9,43,44,1
LA16_J7,6,8,50,51,1
LA16_J7,7,6,52,54,2
LA16_J7,8,5,59,63,4
LA16_J7,9,4,28,28,0
LA16_J7,10,7,27,30,3
LA16_J8,1,1,45,50,5
LA16_J8,2,0,87,92,5
LA16_J8,3,3,41,45,4
LA16_J8,4,4,20,20,0
LA16_J8,5,6,54,55,1
LA16_J8,6,9,43,46,3
LA16_J8,7,8,14,14,0
LA16_J8,8,5,9,10,1
LA16_J8,9,2,39,43,4
LA16_J8,10,7,71,73,2
LA16_J9,1,4,33,34,1
LA16_J9,2,2,37,39,2
LA16_J9,3,8,66,68,2
LA16_J9,4,5,33,36,3
LA16_J9,5,3,26,28,2
LA16_J9,6,7,8,11,3
LA16_J9,7,1,28,31,3
LA16_J9,8,6,89,92,3
LA16_J9,9,9,42,47,5
LA16_J9,10,0,78,79,1
LA16_J10,1,8,69,70,1
LA16_J10,2,9,81,84,3
LA16_J10,3,2,94,99,5
LA16_J10,4,4,96,100,4
LA16_J10,5,3,27,31,4
LA16_J10,6,0,69,74,5
LA16_J10,7,7,45,46,1
LA16_J10,8,6,78,83,5
LA16_J10,9,1,74,77,3
LA16_J10,10,5,84,86,2
LA20_J1,1,6,9,12,3
LA20_J1,2,1,81,82,1
LA20_J1,3,4,55,56,1
LA20_J1,4,2,40,45,5
LA20_J1,5,8,32,34,2
LA20_J1,6,3,37,42,5
LA20_J1,7,0,6,6,0
LA20_J1,8,5,19,23,4
LA20_J1,9,9,81,83,2
LA20_J1,10,7,40,42,2
LA20_J2,1,7,21,24,3
LA20_J2,2,2,70,72,2
LA20_J2,3,9,65,68,3
LA20_J2,4,4,64,67,3
LA20_J2,5,1,46,48,2
LA20_J2,6,5,65,65,0
LA20_J2,7,8,25,29,4
LA20_J2,8,0,77,77,0
LA20_J2,9,3,55,60,5
LA20_J2,10,6,15,16,1
LA20_J3,1,2,85,90,5
LA20_J3,2,5,37,42,5
LA20_J3,3,0,40,40,0
LA20_J3,4,3,24,26,2
LA20_J3,5,1,44,46,2
LA20_J3,6,6,83,84,1
LA20_J3,7,4,89,93,4
LA20_J3,8,8,31,36,5
LA20_J3,9,7,84,88,4
LA20_J3,10,9,29,31,2
LA20_J4,1,4,80,83,3
LA20_J4,2,6,77,79,2
LA20_J4,3,7,56,56,0
LA20_J4,4,0,8,9,1
LA20_J4,5,2,30,33,3
LA20_J4,6,5,59,64,5
LA20_J4,7,3,38,39,1
LA20_J4,8,1,80,85,5
LA20_J4,9,9,41,43,2
LA20_J4,10,8,97,99,2
LA20_J5,1,0,91,96,5
LA20_J5,2,6,40,41,1
LA20_J5,3,4,88,92,4
LA20_J5,4,1,17,19,2
LA20_J5,5,2,71,72,1
LA20_J5,6,3,50,55,5
LA20_J5,7,9,59,63,4
LA20_J5,8,8,80,81,1
LA20_J5,9,5,56,57,1
LA20_J5,10,7,7,11,4
LA20_J6,1,2,8,9,1
LA20_J6,2,6,9,13,4
LA20_J6,3,3,58,62,4
LA20_J6,4,5,77,79,2
LA20_J6,5,1,29,31,2
LA20_J6,6,8,96,99,3
LA20_J6,7,0,45,45,0
LA20_J6,8,9,10,13,3
LA20_J6,9,4,54,54,0
LA20_J6,10,7,36,41,5
LA20_J7,1,4,70,73,3
LA20_J7,2,3,92,95,3
LA20_J7,3,1,98,99,1
LA20_J7,4,5,87,91,4
LA20_J7,5,6,99,103,4
LA20_J7,6,7,27,29,2
LA20_J7,7,8,86,90,4
LA20_J7,8,9,96,96,0
LA20_J7,9,0,28,31,3
LA20_J7,10,2,73,73,0
LA20_J8,1,1,95,96,1
LA20_J8,2,7,92,97,5
LA20_J8,3,3,85,85,0
LA20_J8,4,4,52,54,2
LA20_J8,5,6,81,86,5
LA20_J8,6,9,32,34,2
LA20_J8,7,8,39,44,5
LA20_J8,8,0,59,59,0
LA20_J8,9,2,41,44,3
LA20_J8,10,5,56,57,1
LA20_J9,1,3,60,61,1
LA20_J9,2,8,45,48,3
LA20_J9,3,0,88,89,1
LA20_J9,4,2,12,12,0
LA20_J9,5,1,7,11,4
LA20_J9,6,5,22,25,3
LA20_J9,7,4,93,94,1
LA20_J9,8,9,49,51,2
LA20_J9,9,7,69,70,1
LA20_J9,10,6,27,31,4
LA20_J10,1,0,21,25,4
LA20_J10,2,2,61,65,4
LA20_J10,3,3,68,70,2
LA20_J10,4,5,26,31,5
LA20_J10,5,6,82,82,0
LA20_J10,6,9,71,71,0
LA20_J10,7,8,44,47,3
LA20_J10,8,4,99,100,1
LA20_J10,9,7,33,38,5
LA20_J10,10,1,84,88,4
TA01_J1,1,6,94,94,0
TA01_J1,2,12,66,68,2
TA01_J1,3,4,10,13,3
TA01_J1,4,7,53,55,2
TA01_J1,5,3,26,26,0
TA01_J1,6,2,15,18,3
TA01_J1,7,10,65,70,5
TA01_J1,8,11,82,85,3
TA01_J1,9,8,10,15,5
TA01_J1,10,14,27,31,4
TA01_J1,11,9,93,94,1
TA01_J1,12,13,92,92,0
TA01_J1,13,5,96,98,2
TA01_J1,14,0,70,73,3
TA01_J1,15,1,83,83,0
TA01_J2,1,4,74,78,4
TA01_J2,2,5,31,32,1
TA01_J2,3,7,88,90,2
TA01_J2,4,14,51,56,5
TA01_J2,5,13,57,57,0
TA01_J2,6,8,78,83,5
TA01_J2,7,11,8,11,3
TA01_J2,8,9,7,9,2
TA01_J2,9,6,91,95,4
TA01_J2,10,10,79,83,4
TA01_J2,11,0,18,21,3
TA01_J2,12,3,51,53,2
TA01_J2,13,12,18,19,1
TA01_J2,14,1,99,100,1
TA01_J2,15,2,33,34,1
TA01_J3,1,1,4,4,0
TA01_J3,2,8,82,85,3
TA01_J3,3,9,40,40,0
TA01_J3,4,12,86,90,4
TA01_J3,5,6,50,50,0
TA01_J3,6,11,54,56,2
TA01_J3,7,13,21,25,4
TA01_J3,8,5,6,6,0
TA01_J3,9,0,54,57,3
TA01_J3,10,2,68,70,2
TA01_J3,11,7,82,83,1
TA01_J3,12,10,20,22,2
TA01_J3,13,4,39,40,1
TA01_J3,14,3,35,38,3
TA01_J3,15,14,68,68,0
TA01_J4,1,5,73,75,2
TA01_J4,2,2,23,24,1
TA01_J4,3,9,30,33,3
TA01_J4,4,6,30,32,2
TA01_J4,5,10,53,57,4
TA01_J4,6,0,94,99,5
TA01_J4,7,13,58,58,0
TA01_J4,8,4,93,98,5
TA01_J4,9,7,32,33,1
TA01_J4,10,14,91,95,4
TA01_J4,11,11,30,30,0
TA01_J4,12,8,56,60,4
TA01_J4,13,12,27,28,1
TA01_J4,14,1,92,96,4
TA01_J4,15,3,9,12,3
TA01_J5,1,7,78,78,0
TA01_J5,2,8,23,26,3
TA01_J5,3,6,21,26,5
TA01_J5,4,10,60,63,3
TA01_J5,5,4,36,38,2
TA01_J5,6,9,29,29,0
TA01_J5,7,2,95,95,0
TA01_J5,8,14,99,101,2
TA01_J5,9,12,79,83,4
TA01_J5,10,5,76,81,5
TA01_J5,11,1,93,94,1
TA01_J5,12,13,42,47,5
TA01_J5,13,11,52,54,2
TA01_J5,14,0,42,47,5
TA01_J5,15,3,96,96,0
TA01_J6,1,5,29,29,0
TA01_J6,2,3,61,66,5
TA01_J6,3,12,88,93,5
TA01_J6,4,13,70,70,0
TA01_J6,5,11,16,17,1
TA01_J6,6,4,31,32,1
TA01_J6,7,14,65,67,2
TA01_J6,8,7,83,85,2
TA01_J6,9,2,78,82,4
TA01_J6,10,1,26,31,5
TA01_J6,11,10,50,55,5
TA01_J6,12,0,87,92,5
TA01_J6,13,9,62,64,2
TA01_J6,14,6,14,19,5
TA01_J6,15,8,30,34,4
TA01_J7,1,12,18,21,3
TA01_J7,2,3,75,76,1
TA01_J7,3,7,20,25,5
TA01_J7,4,8,4,9,5
TA01_J7,5,14,91,95,4
TA01_J7,6,6,68,69,1
TA01_J7,7,1,19,19,0
TA01_J7,8,11,54,55,1
TA01_J7,9,4,85,88,3
TA01_J7,10,5,73,74,1
TA01_J7,11,2,43,46,3
TA01_J7,12,10,24,28,4
TA01_J7,13,0,37,38,1
TA01_J7,14,13,87,91,4
TA01_J7,15,9,66,69,3
TA01_J8,1,11,32,37,5
TA01_J8,2,5,52,55,3
TA01_J8,3,0,9,9,0
TA01_J8,4,7,49,53,4
TA01_J8,5,12,61,63,2
TA01_J8,6,13,35,39,4
TA01_J8,7,14,99,101,2
TA01_J8,8,1,62,66,4
TA01_J8,9,2,6,6,0
TA01_J8,10,8,62,65,3
TA01_J8,11,4,7,7,0
TA01_J8,12,3,80,85,5
TA01_J8,13,9,3,6,3
TA01_J8,14,6,57,61,4
TA01_J8,15,10,7,7,0
TA01_J9,1,10,85,88,3
TA01_J9,2,11,30,33,3
TA01_J9,3,6,96,97,1
TA01_J9,4,14,91,91,0
TA01_J9,5,0,13,17,4
TA01_J9,6,1,87,90,3
TA01_J9,7,2,82,87,5
TA01_J9,8,5,83,88,5
TA01_J9,9,12,78,79,1
TA01_J9,10,4,56,59,3
TA01_J9,11,8,85,87,2
TA01_J9,12,7,8,9,1
TA01_J9,13,9,66,70,4
TA01_J9,14,13,88,93,5
TA01_J9,15,3,15,20,5
TA01_J10,1,6,5,7,2
TA01_J10,2,11,59,60,1
TA01_J10,3,9,30,31,1
TA01_J10,4,2,60,62,2
TA01_J10,5,8,41,46,5
TA01_J10,6,0,17,18,1
TA01_J10,7,13,66,69,3
TA01_J10,8,3,89,90,1
TA01_J10,9,10,78,78,0
TA01_J10,10,7,88,93,5
TA01_J10,11,1,69,69,0
TA01_J10,12,12,45,46,1
TA01_J10,13,14,82,83,1
TA01_J10,14,4,6,7,1
TA01_J10,15,5,13,16,3
TA01_J11,1,4,90,95,5
TA01_J11,2,7,27,28,1
TA01_J11,3,13,1,2,1
TA01_J11,4,0,8,13,5
TA01_J11,5,5,91,93,2
TA01_J11,6,12,80,81,1
TA01_J11,7,6,89,91,2
TA01_J11,8,8,49,54,5
TA01_J11,9,14,32,36,4
TA01_J11,10,10,28,28,0
TA01_J11,11,3,90,95,5
TA01_J11,12,1,93,94,1
TA01_J11,13,11,6,6,0
TA01_J11,14,9,35,35,0
TA01_J11,15,2,73,78,5
TA01_J12,1,2,47,49,2
TA01_J12,2,14,43,43,0
TA01_J12,3,0,75,79,4
TA01_J12,4,12,8,12,4
TA01_J12,5,6,51,55,4
TA01_J12,6,10,3,8,5
TA01_J12,7,7,84,88,4
TA01_J12,8,5,34,39,5
TA01_J12,9,8,28,28,0
TA01_J12,10,9,60,64,4
TA01_J12,11,13,69,70,1
TA01_J12,12,1,45,49,4
TA01_J12,13,3,67,70,3
TA01_J12,14,11,58,58,0
TA01_J12,15,4,87,90,3
TA01_J13,1,5,65,69,4
TA01_J13,2,8,62,63,1
TA01_J13,3,10,97,97,0
TA01_J13,4,2,20,22,2
TA01_J13,5,3,31,31,0
TA01_J13,6,6,33,38,5
TA01_J13,7,9,33,36,3
TA01_J13,8,0,77,79,2
TA01_J13,9,13,50,53,3
TA01_J13,10,4,80,85,5
TA01_J13,11,1,48,49,1
TA01_J13,12,11,90,93,3
TA01_J13,13,12,75,79,4
TA01_J13,14,7,96,100,4
TA01_J13,15,14,44,49,5
TA01_J14,1,8,28,28,0
TA01_J14,2,14,21,26,5
TA01_J14,3,4,51,56,5
TA01_J14,4,13,75,80,5
TA01_J14,5,5,17,22,5
TA01_J14,6,6,89,90,1
TA01_J14,7,9,59,60,1
TA01_J14,8,1,56,60,4
TA01_J14,9,12,63,68,5
TA01_J14,10,7,18,23,5
TA01_J14,11,11,17,17,0
TA01_J14,12,10,30,34,4
TA01_J14,13,3,16,19,3
TA01_J14,14,2,7,8,1
TA01_J14,15,0,35,39,4
TA01_J15,1,10,57,61,4
TA01_J15,2,8,16,21,5
TA01_J15,3,12,42,45,3
TA01_J15,4,6,34,35,1
TA01_J15,5,4,37,38,1
TA01_J15,6,1,26,31,5
TA01_J15,7,13,68,73,5
TA01_J15,8,14,73,77,4
TA01_J15,9,11,5,8,3
TA01_J15,10,0,8,10,2
TA01_J15,11,7,12,12,0
TA01_J15,12,3,87,90,3
TA01_J15,13,2,83,88,5
TA01_J15,14,9,20,25,5
TA01_J15,15,5,97,97,0
TA05_J1,1,12,40,41,1
TA05_J1,2,1,96,101,5
TA05_J1,3,4,59,64,5
TA05_J1,4,9,95,100,5
TA05_J1,5,13,76,77,1
TA05_J1,6,0,75,75,0
TA05_J1,7,11,23,27,4
TA05_J1,8,8,65,65,0
TA05_J1,9,3,65,65,0
TA05_J1,10,5,16,21,5
TA05_J1,11,6,71,75,4
TA05_J1,12,14,52,55,3
TA05_J1,13,10,84,86,2
TA05_J1,14,2,99,100,1
TA05_J1,15,7,24,24,0
TA05_J2,1,5,2,6,4
TA05_J2,2,1,88,88,0
TA05_J2,3,14,99,104,5
TA05_J2,4,10,52,53,1
TA05_J2,5,13,68,71,3
TA05_J2,6,9,13,15,2
TA05_J2,7,6,38,42,4
TA05_J2,8,12,35,36,1
TA05_J2,9,8,57,62,5
TA05_J2,10,2,37,42,5
TA05_J2,11,7,93,98,5
TA05_J2,12,0,38,41,3
TA05_J2,13,3,68,73,5
TA05_J2,14,4,94,99,5
TA05_J2,15,11,71,72,1
TA05_J3,1,6,87,91,4
TA05_J3,2,3,46,46,0
TA05_J3,3,10,14,19,5
TA05_J3,4,7,87,89,2
TA05_J3,5,13,30,33,3
TA05_J3,6,4,79,84,5
TA05_J3,7,5,62,67,5
TA05_J3,8,9,37,42,5
TA05_J3,9,8,54,54,0
TA05_J3,10,2,1,2,1
TA05_J3,11,0,97,101,4
TA05_J3,12,1,16,18,2
TA05_J3,13,11,2,2,0
TA05_J3,14,14,51,53,2
TA05_J3,15,12,96,97,1
TA05_J4,1,10,19,24,5
TA05_J4,2,7,15,18,3
TA05_J4,3,5,42,43,1
TA05_J4,4,0,8,9,1
TA05_J4,5,9,72,75,3
TA05_J4,6,13,15,15,0
TA05_J4,7,2,76,78,2
TA05_J4,8,8,25,25,0
TA05_J4,9,1,78,78,0
TA05_J4,10,14,84,88,4
TA05_J4,11,11,62,67,5
TA05_J4,12,3,70,73,3
TA05_J4,13,12,81,82,1
TA05_J4,14,6,16,18,2
TA05_J4,15,4,97,98,1
TA05_J5,1,6,68,69,1
TA05_J5,2,12,71,76,5
TA05_J5,3,14,3,3,0
TA05_J5,4,1,68,68,0
TA05_J5,5,7,91,91,0
TA05_J5,6,5,37,38,1
TA05_J5,7,11,73,73,0
TA05_J5,8,0,21,25,4
TA05_J5,9,2,85,87,2
TA05_J5,10,3,79,81,2
TA05_J5,11,8,51,51,0
TA05_J5,12,13,50,53,3
TA05_J5,13,4,21,23,2
TA05_J5,14,9,30,35,5
TA05_J5,15,10,64,68,4
TA05_J6,1,4,14,14,0
TA05_J6,2,7,1,5,4
TA05_J6,3,6,29,29,0
TA05_J6,4,0,72,74,2
TA05_J6,5,8,6,10,4
TA05_J6,6,13,31,31,0
TA05_J6,7,12,98,100,2
TA05_J6,8,14,50,53,3
TA05_J6,9,3,83,86,3
TA05_J6,10,2,2,6,4
TA05_J6,11,5,86,91,5
TA05_J6,12,9,33,34,1
TA05_J6,13,10,33,38,5
TA05_J6,14,1,98,101,3
TA05_J6,15,11,59,60,1
TA05_J7,1,10,21,21,0
TA05_J7,2,11,80,83,3
TA05_J7,3,6,99,102,3
TA05_J7,4,9,70,70,0
TA05_J7,5,0,80,80,0
TA05_J7,6,2,71,74,3
TA05_J7,7,1,47,50,3
TA05_J7,8,8,96,100,4
TA05_J7,9,12,56,59,3
TA05_J7,10,7,78,80,2
TA05_J7,11,5,53,57,4
TA05_J7,12,3,10,11,1
TA05_J7,13,13,92,96,4
TA05_J7,14,14,1,3,2
TA05_J7,15,4,33,35,2
TA05_J8,1,3,29,34,5
TA05_J8,2,10,85,86,1
TA05_J8,3,5,89,94,5
TA05_J8,4,6,10,10,0
TA05_J8,5,8,30,34,4
TA05_J8,6,4,38,41,3
TA05_J8,7,0,38,41,3
TA05_J8,8,14,48,51,3
TA05_J8,9,2,16,19,3
TA05_J8,10,7,65,66,1
TA05_J8,11,9,90,93,3
TA05_J8,12,11,73,78,5
TA05_J8,13,12,88,93,5
TA05_J8,14,1,46,49,3
TA05_J8,15,13,47,47,0
TA05_J9,1,1,37,38,1
TA05_J9,2,2,9,10,1
TA05_J9,3,6,49,49,0
TA05_J9,4,7,23,23,0
TA05_J9,5,10,1,1,0
TA05_J9,6,12,78,82,4
TA05_J9,7,14,39,39,0
TA05_J9,8,8,15,16,1
TA05_J9,9,0,9,13,4
TA05_J9,10,3,41,42,1
TA05_J9,11,13,35,39,4
TA05_J9,12,5,83,84,1
TA05_J9,13,4,8,8,0
TA05_J9,14,9,61,64,3
TA05_J9,15,11,60,61,1
TA05_J10,1,12,1,6,5
TA05_J10,2,7,73,73,0
TA05_J10,3,6,47,47,0
TA05_J10,4,14,46,49,3
TA05_J10,5,3,10,14,4
TA05_J10,6,4,37,39,2
TA05_J10,7,0,60,64,4
TA05_J10,8,13,84,85,1
TA05_J10,9,10,26,28,2
TA05_J10,10,8,11,11,0
TA05_J10,11,11,37,37,0
TA05_J10,12,9,79,79,0
TA05_J10,13,5,75,77,2
TA05_J10,14,2,49,54,5
TA05_J10,15,1,51,54,3
TA05_J11,1,4,22,24,2
TA05_J11,2,3,49,50,1
TA05_J11,3,8,33,36,3
TA05_J11,4,14,2,4,2
TA05_J11,5,2,24,25,1
TA05_J11,6,13,3,4,1
TA05_J11,7,5,73,77,4
TA05_J11,8,6,68,70,2
TA05_J11,9,10,21,25,4
TA05_J11,10,12,61,61,0
TA05_J11,11,7,69,69,0
TA05_J11,12,11,94,97,3
TA05_J11,13,1,43,44,1
TA05_J11,14,9,39,41,2
TA05_J11,15,0,48,48,0
TA05_J12,1,6,81,82,1
TA05_J12,2,12,46,49,3
TA05_J12,3,7,21,22,1
TA05_J12,4,5,23,28,5
TA05_J12,5,2,86,91,5
TA05_J12,6,4,19,21,2
TA05_J12,7,13,64,66,2
TA05_J12,8,11,52,57,5
TA05_J12,9,8,22,24,2
TA05_J12,10,0,50,52,2
TA05_J12,11,10,11,14,3
TA05_J12,12,3,73,75,2
TA05_J12,13,1,77,79,2
TA05_J12,14,9,16,17,1
TA05_J12,15,14,75,76,1
TA05_J13,1,12,21,21,0
TA05_J13,2,13,80,83,3
TA05_J13,3,8,30,33,3
TA05_J13,4,7,32,33,1
TA05_J13,5,1,22,27,5
TA05_J13,6,6,23,26,3
TA05_J13,7,0,85,89,4
TA05_J13,8,5,92,97,5
TA05_J13,9,9,14,14,0
TA05_J13,10,10,13,13,0
TA05_J13,11,4,68,68,0
TA05_J13,12,2,60,62,2
TA05_J13,13,14,45,48,3
TA05_J13,14,3,32,33,1
TA05_J13,15,11,90,90,0
TA05_J14,1,12,29,29,0
TA05_J14,2,1,95,96,1
TA05_J14,3,4,52,52,0
TA05_J14,4,8,59,61,2
TA05_J14,5,6,33,35,2
TA05_J14,6,10,12,16,4
TA05_J14,7,7,73,78,5
TA05_J14,8,3,96,99,3
TA05_J14,9,0,75,80,5
TA05_J14,10,5,12,17,5
TA05_J14,11,13,83,84,1
TA05_J14,12,2,3,5,2
TA05_J14,13,9,90,92,2
TA05_J14,14,14,57,60,3
TA05_J14,15,11,6,6,0
TA05_J15,1,7,94,94,0
TA05_J15,2,5,18,19,1
TA05_J15,3,0,54,54,0
TA05_J15,4,10,42,42,0
TA05_J15,5,2,70,70,0
TA05_J15,6,3,29,32,3
TA05_J15,7,9,43,46,3
TA05_J15,8,6,50,50,0
TA05_J15,9,11,75,80,5
TA05_J15,10,8,70,72,2
TA05_J15,11,1,40,44,4
TA05_J15,12,4,48,49,1
TA05_J15,13,14,1,1,0
TA05_J15,14,12,27,28,1
TA05_J15,15,13,12,14,2
TA10_J1,1,8,35,39,4
TA10_J1,2,2,78,78,0
TA10_J1,3,7,79,84,5
TA10_J1,4,14,65,68,3
TA10_J1,5,12,53,57,4
TA10_J1,6,0,14,14,0
TA10_J1,7,4,93,93,0
TA10_J1,8,3,70,71,1
TA10_J1,9,13,14,16,2
TA10_J1,10,5,90,90,0
TA10_J1,11,9,95,95,0
TA10_J1,12,10,49,52,3
TA10_J1,13,6,36,38,2
TA10_J1,14,1,85,89,4
TA10_J1,15,11,1,6,5
TA10_J2,1,2,83,85,2
TA10_J2,2,8,41,44,3
TA10_J2,3,6,22,25,3
TA10_J2,4,4,29,33,4
TA10_J2,5,11,52,55,3
TA10_J2,6,0,71,73,2
TA10_J2,7,9,16,18,2
TA10_J2,8,7,93,95,2
TA10_J2,9,5,54,56,2
TA10_J2,10,3,63,67,4
TA10_J2,11,1,12,13,1
TA10_J2,12,10,85,90,5
TA10_J2,13,13,62,66,4
TA10_J2,14,14,45,45,0
TA10_J2,15,12,30,30,0
TA10_J3,1,5,60,61,1
TA10_J3,2,11,43,43,0
TA10_J3,3,8,71,71,0
TA10_J3,4,14,2,4,2
TA10_J3,5,12,50,53,3
TA10_J3,6,1,37,38,1
TA10_J3,7,4,86,90,4
TA10_J3,8,9,81,81,0
TA10_J3,9,10,60,60,0
TA10_J3,10,6,57,60,3
TA10_J3,11,13,66,67,1
TA10_J3,12,0,24,28,4
TA10_J3,13,2,98,99,1
TA10_J3,14,3,92,92,0
TA10_J3,15,7,69,74,5
TA10_J4,1,9,14,15,1
TA10_J4,2,13,59,63,4
TA10_J4,3,8,35,37,2
TA10_J4,4,6,6,9,3
TA10_J4,5,12,25,26,1
TA10_J4,6,5,57,60,3
TA10_J4,7,10,1,5,4
TA10_J4,8,2,44,46,2
TA10_J4,9,1,94,97,3
TA10_J4,10,0,30,35,5
TA10_J4,11,14,95,96,1
TA10_J4,12,11,93,98,5
TA10_J4,13,3,51,55,4
TA10_J4,14,4,52,53,1
TA10_J4,15,7,16,20,4
TA10_J5,1,8,96,100,4
TA10_J5,2,10,39,43,4
TA10_J5,3,3,75,75,0
TA10_J5,4,13,98,101,3
TA10_J5,5,14,2,4,2
TA10_J5,6,5,38,42,4
TA10_J5,7,4,69,70,1
TA10_J5,8,0,32,34,2
TA10_J5,9,12,95,96,1
TA10_J5,10,11,63,64,1
TA10_J5,11,9,4,6,2
TA10_J5,12,6,11,13,2
TA10_J5,13,2,50,51,1
TA10_J5,14,1,95,96,1
TA10_J5,15,7,78,79,1
TA10_J6,1,7,73,74,1
TA10_J6,2,2,28,31,3
TA10_J6,3,9,43,43,0
TA10_J6,4,5,47,52,5
TA10_J6,5,10,57,61,4
TA10_J6,6,4,88,89,1
TA10_J6,7,3,33,33,0
TA10_J6,8,1,13,13,0
TA10_J6,9,11,7,8,1
TA10_J6,10,8,49,51,2
TA10_J6,11,6,23,26,3
TA10_J6,12,14,38,40,2
TA10_J6,13,13,21,22,1
TA10_J6,14,0,99,103,4
TA10_J6,15,12,72,76,4
TA10_J7,1,2,3,4,1
TA10_J7,2,10,80,82,2
TA10_J7,3,1,67,68,1
TA10_J7,4,12,93,98,5
TA10_J7,5,14,91,96,5
TA10_J7,6,3,31,34,3
TA10_J7,7,0,52,54,2
TA10_J7,8,4,64,69,5
TA10_J7,9,9,83,84,1
TA10_J7,10,5,2,4,2
TA10_J7,11,11,90,91,1
TA10_J7,12,13,64,69,5
TA10_J7,13,7,16,21,5
TA10_J7,14,8,18,20,2
TA10_J7,15,6,25,27,2
TA10_J8,1,13,23,27,4
TA10_J8,2,6,30,30,0
TA10_J8,3,11,22,25,3
TA10_J8,4,12,54,59,5
TA10_J8,5,8,68,71,3
TA10_J8,6,7,63,67,4
TA10_J8,7,14,89,93,4
TA10_J8,8,5,95,100,5
TA10_J8,9,3,5,7,2
TA10_J8,10,4,37,41,4
TA10_J8,11,0,5,10,5
TA10_J8,12,10,42,46,4
TA10_J8,13,2,17,20,3
TA10_J8,14,1,54,59,5
TA10_J8,15,9,46,51,5
TA10_J9,1,8,44,46,2
TA10_J9,2,4,59,63,4
TA10_J9,3,6,87,89,2
TA10_J9,4,7,62,65,3
TA10_J9,5,0,51,51,0
TA10_J9,6,11,55,59,4
TA10_J9,7,13,3,5,2
TA10_J9,8,12,40,42,2
TA10_J9,9,2,26,27,1
TA10_J9,10,3,18,22,4
TA10_J9,11,10,15,19,4
TA10_J9,12,1,18,22,4
TA10_J9,13,5,72,76,4
TA10_J9,14,14,35,40,5
TA10_J9,15,9,60,63,3
TA10_J10,1,2,27,28,1
TA10_J10,2,6,14,17,3
TA10_J10,3,12,77,80,3
TA10_J10,4,9,24,29,5
TA10_J10,5,8,55,57,2
TA10_J10,6,11,67,68,1
TA10_J10,7,1,59,61,2
TA10_J10,8,3,19,24,5
TA10_J10,9,13,29,29,0
TA10_J10,10,4,33,33,0
TA10_J10,11,10,88,91,3
TA10_J10,12,5,30,35,5
TA10_J10,13,0,91,91,0
TA10_J10,14,7,11,13,2
TA10_J10,15,14,11,15,4
TA10_J11,1,0,67,70,3
TA10_J11,2,9,94,97,3
TA10_J11,3,4,50,51,1
TA10_J11,4,8,2,7,5
TA10_J11,5,10,83,83,0
TA10_J11,6,2,19,20,1
TA10_J11,7,11,29,32,3
TA10_J11,8,12,37,39,2
TA10_J11,9,14,58,63,5
TA10_J11,10,6,32,33,1
TA10_J11,11,3,38,40,2
TA10_J11,12,7,99,102,3
TA10_J11,13,5,88,93,5
TA10_J11,14,1,49,54,5
TA10_J11,15,13,70,75,5
TA10_J12,1,8,60,61,1
TA10_J12,2,1,7,9,2
TA10_J12,3,12,81,85,4
TA10_J12,4,5,82,82,0
TA10_J12,5,7,58,60,2
TA10_J12,6,10,83,88,5
TA10_J12,7,9,16,20,4
TA10_J12,8,4,1,2,1
TA10_J12,9,11,69,73,4
TA10_J12,10,6,7,7,0
TA10_J12,11,13,3,4,1
TA10_J12,12,2,84,86,2
TA10_J12,13,14,8,13,5
TA10_J12,14,0,12,15,3
TA10_J12,15,3,93,97,4
TA10_J13,1,13,92,95,3
TA10_J13,2,14,81,81,0
TA10_J13,3,2,4,4,0
TA10_J13,4,9,78,80,2
TA10_J13,5,7,9,10,1
TA10_J13,6,8,78,79,1
TA10_J13,7,12,75,79,4
TA10_J13,8,4,5,8,3
TA10_J13,9,10,50,52,2
TA10_J13,10,6,8,13,5
TA10_J13,11,1,44,49,5
TA10_J13,12,0,4,5,1
TA10_J13,13,5,60,64,4
TA10_J13,14,11,94,96,2
TA10_J13,15,3,74,79,5
TA10_J14,1,1,32,33,1
TA10_J14,2,0,88,93,5
TA10_J14,3,12,31,32,1
TA10_J14,4,2,68,68,0
TA10_J14,5,13,31,31,0
TA10_J14,6,8,10,14,4
TA10_J14,7,3,45,46,1
TA10_J14,8,14,75,76,1
TA10_J14,9,4,82,85,3
TA10_J14,10,7,51,53,2
TA10_J14,11,6,55,58,3
TA10_J14,12,9,99,101,2
TA10_J14,13,11,44,44,0
TA10_J14,14,10,84,87,3
TA10_J14,15,5,22,23,1
TA10_J15,1,3,12,14,2
TA10_J15,2,13,35,39,4
TA10_J15,3,2,64,69,5
TA10_J15,4,5,17,17,0
TA10_J15,5,9,42,47,5
TA10_J15,6,6,46,51,5
TA10_J15,7,7,65,66,1
TA10_J15,8,4,74,77,3
TA10_J15,9,8,96,97,1
TA10_J15,10,0,28,29,1
TA10_J15,11,12,86,90,4
TA10_J15,12,10,95,100,5
TA10_J15,13,14,93,97,4
TA10_J15,14,1,67,69,2
TA10_J15,15,11,56,57,1
TA20_J1,1,7,84,89,5
TA20_J1,2,0,58,59,1
TA20_J1,3,12,71,73,2
TA20_J1,4,4,26,28,2
TA20_J1,5,1,98,100,2
TA20_J1,6,9,36,41,5
TA20_J1,7,2,12,12,0
TA20_J1,8,11,30,30,0
TA20_J1,9,10,87,87,0
TA20_J1,10,14,95,96,1
TA20_J1,11,5,45,48,3
TA20_J1,12,6,28,30,2
TA20_J1,13,13,73,73,0
TA20_J1,14,3,73,76,3
TA20_J1,15,8,45,47,2
TA20_J2,1,4,29,29,0
TA20_J2,2,8,22,23,1
TA20_J2,3,7,47,48,1
TA20_J2,4,3,75,76,1
TA20_J2,5,9,94,99,5
TA20_J2,6,13,15,17,2
TA20_J2,7,12,4,7,3
TA20_J2,8,0,82,83,1
TA20_J2,9,11,14,16,2
TA20_J2,10,10,35,37,2
TA20_J2,11,1,79,81,2
TA20_J2,12,6,34,38,4
TA20_J2,13,5,57,61,4
TA20_J2,14,14,23,23,0
TA20_J2,15,2,56,60,4
TA20_J3,1,1,73,77,4
TA20_J3,2,4,36,41,5
TA20_J3,3,7,48,53,5
TA20_J3,4,13,26,26,0
TA20_J3,5,3,49,49,0
TA20_J3,6,8,60,64,4
TA20_J3,7,10,15,16,1
TA20_J3,8,5,66,66,0
TA20_J3,9,12,90,93,3
TA20_J3,10,14,39,42,3
TA20_J3,11,9,8,11,3
TA20_J3,12,6,74,77,3
TA20_J3,13,2,63,66,3
TA20_J3,14,0,94,94,0
TA20_J3,15,11,91,95,4
TA20_J4,1,5,1,6,5
TA20_J4,2,11,35,40,5
TA20_J4,3,9,23,26,3
TA20_J4,4,12,93,95,2
TA20_J4,5,7,75,80,5
TA20_J4,6,1,50,50,0
TA20_J4,7,6,40,44,4
TA20_J4,8,13,60,61,1
TA20_J4,9,8,41,43,2
TA20_J4,10,2,7,8,1
TA20_J4,11,0,57,60,3
TA20_J4,12,14,72,73,1
TA20_J4,13,3,40,45,5
TA20_J4,14,4,75,79,4
TA20_J4,15,10,7,10,3
TA20_J5,1,4,13,14,1
TA20_J5,2,11,15,17,2
TA20_J5,3,12,17,22,5
TA20_J5,4,1,14,16,2
TA20_J5,5,0,67,71,4
TA20_J5,6,9,94,95,1
TA20_J5,7,6,18,20,2
TA20_J5,8,13,52,54,2
TA20_J5,9,2,53,53,0
TA20_J5,10,14,16,17,1
TA20_J5,11,5,33,33,0
TA20_J5,12,10,61,66,5
TA20_J5,13,3,47,51,4
TA20_J5,14,8,65,66,1
TA20_J5,15,7,39,39,0
TA20_J6,1,2,54,59,5
TA20_J6,2,6,80,82,2
TA20_J6,3,3,87,91,4
TA20_J6,4,8,36,38,2
TA20_J6,5,14,54,55,1
TA20_J6,6,0,72,76,4
TA20_J6,7,4,17,20,3
TA20_J6,8,10,44,47,3
TA20_J6,9,11,37,41,4
TA20_J6,10,1,88,88,0
TA20_J6,11,7,77,80,3
TA20_J6,12,13,84,84,0
TA20_J6,13,12,17,20,3
TA20_J6,14,5,82,86,4
TA20_J6,15,9,90,94,4
TA20_J7,1,4,4,8,4
TA20_J7,2,14,62,66,4
TA20_J7,3,5,33,38,5
TA20_J7,4,10,62,63,1
TA20_J7,5,8,86,89,3
TA20_J7,6,7,30,34,4
TA20_J7,7,6,39,43,4
TA20_J7,8,1,67,72,5
TA20_J7,9,0,42,43,1
TA20_J7,10,12,31,34,3
TA20_J7,11,9,83,84,1
TA20_J7,12,13,39,41,2
TA20_J7,13,11,67,68,1
TA20_J7,14,3,67,71,4
TA20_J7,15,2,31,34,3
TA20_J8,1,7,29,32,3
TA20_J8,2,10,29,34,5
TA20_J8,3,11,69,69,0
TA20_J8,4,14,26,29,3
TA20_J8,5,3,55,57,2
TA20_J8,6,2,46,51,5
TA20_J8,7,4,53,55,2
TA20_J8,8,5,65,67,2
TA20_J8,9,1,97,101,4
TA20_J8,10,12,24,28,4
TA20_J8,11,9,69,74,5
TA20_J8,12,6,22,25,3
TA20_J8,13,13,17,22,5
TA20_J8,14,0,39,43,4
TA20_J8,15,8,13,13,0
TA20_J9,1,14,12,17,5
TA20_J9,2,11,73,73,0
TA20_J9,3,0,36,41,5
TA20_J9,4,13,70,71,1
TA20_J9,5,3,12,12,0
TA20_J9,6,2,80,84,4
TA20_J9,7,1,99,103,4
TA20_J9,8,8,70,71,1
TA20_J9,9,5,51,56,5
TA20_J9,10,7,14,18,4
TA20_J9,11,4,71,75,4
TA20_J9,12,12,28,28,0
TA20_J9,13,6,35,36,1
TA20_J9,14,10,58,61,3
TA20_J9,15,9,35,39,4
TA20_J10,1,0,61,61,0
TA20_J10,2,5,49,50,1
TA20_J10,3,12,74,77,3
TA20_J10,4,1,90,94,4
TA20_J10,5,13,60,63,3
TA20_J10,6,10,88,90,2
TA20_J10,7,9,3,4,1
TA20_J10,8,4,60,60,0
TA20_J10,9,2,59,59,0
TA20_J10,10,8,94,97,3
TA20_J10,11,14,91,96,5
TA20_J10,12,11,34,36,2
TA20_J10,13,7,26,31,5
TA20_J10,14,6,4,4,0
TA20_J10,15,3,26,29,3
TA20_J11,1,4,89,91,2
TA20_J11,2,3,90,95,5
TA20_J11,3,8,95,95,0
TA20_J11,4,12,32,32,0
TA20_J11,5,9,18,22,4
TA20_J11,6,11,73,74,1
TA20_J11,7,2,9,9,0
TA20_J11,8,14,19,21,2
TA20_J11,9,5,97,101,4
TA20_J11,10,7,58,58,0
TA20_J11,11,13,36,38,2
TA20_J11,12,6,62,63,1
TA20_J11,13,10,13,15,2
TA20_J11,14,1,16,21,5
TA20_J11,15,0,1,6,5
TA20_J12,1,9,71,74,3
TA20_J12,2,6,47,51,4
TA20_J12,3,1,95,97,2
TA20_J12,4,0,7,10,3
TA20_J12,5,14,63,67,4
TA20_J12,6,7,49,50,1
TA20_J12,7,13,24,26,2
TA20_J12,8,12,46,51,5
TA20_J12,9,2,72,77,5
TA20_J12,10,11,73,74,1
TA20_J12,11,5,19,19,0
TA20_J12,12,8,96,96,0
TA20_J12,13,10,41,43,2
TA20_J12,14,3,15,18,3
TA20_J12,15,4,81,83,2
TA20_J13,1,4,45,45,0
TA20_J13,2,3,9,11,2
TA20_J13,3,0,97,98,1
TA20_J13,4,14,62,67,5
TA20_J13,5,13,77,78,1
TA20_J13,6,9,78,78,0
TA20_J13,7,7,70,71,1
TA20_J13,8,2,19,21,2
TA20_J13,9,11,86,86,0
TA20_J13,10,8,15,16,1
TA20_J13,11,10,23,28,5
TA20_J13,12,1,46,49,3
TA20_J13,13,6,32,36,4
TA20_J13,14,12,6,6,0
TA20_J13,15,5,70,75,5
TA20_J14,1,12,74,76,2
TA20_J14,2,10,46,46,0
TA20_J14,3,3,98,98,0
TA20_J14,4,6,1,4,3
TA20_J14,5,4,53,55,2
TA20_J14,6,5,59,62,3
TA20_J14,7,0,86,88,2
TA20_J14,8,7,98,101,3
TA20_J14,9,2,76,81,5
TA20_J14,10,8,12,12,0
TA20_J14,11,13,91,95,4
TA20_J14,12,11,98,99,1
TA20_J14,13,14,98,99,1
TA20_J14,14,9,11,15,4
TA20_J14,15,1,27,28,1
TA20_J15,1,14,73,75,2
TA20_J15,2,7,70,73,3
TA20_J15,3,5,14,14,0
TA20_J15,4,8,32,37,5
TA20_J15,5,11,19,19,0
TA20_J15,6,0,57,61,4
TA20_J15,7,2,17,19,2
TA20_J15,8,13,96,100,4
TA20_J15,9,12,56,60,4
TA20_J15,10,4,73,77,4
TA20_J15,11,6,32,33,1
TA20_J15,12,1,7,10,3
TA20_J15,13,10,79,81,2
TA20_J15,14,9,10,11,1
TA20_J15,15,3,91,94,3
TA20_J16,1,6,39,43,4
TA20_J16,2,14,87,87,0
TA20_J16,3,12,11,13,2
TA20_J16,4,2,81,83,2
TA20_J16,5,7,7,10,3
TA20_J16,6,5,79,80,1
TA20_J16,7,8,24,26,2
TA20_J16,8,13,9,12,3
TA20_J16,9,11,58,61,3
TA20_J16,10,9,42,47,5
TA20_J16,11,0,67,71,4
TA20_J16,12,3,27,27,0
TA20_J16,13,4,20,25,5
TA20_J16,14,1,19,24,5
TA20_J16,15,10,67,70,3
TA20_J17,1,9,76,80,4
TA20_J17,2,5,89,93,4
TA20_J17,3,14,64,67,3
TA20_J17,4,10,14,19,5
TA20_J17,5,12,11,12,1
TA20_J17,6,1,14,18,4
TA20_J17,7,4,99,99,0
TA20_J17,8,13,85,85,0
TA20_J17,9,0,81,81,0
TA20_J17,10,11,3,6,3
TA20_J17,11,3,46,51,5
TA20_J17,12,2,47,47,0
TA20_J17,13,7,40,45,5
TA20_J17,14,6,81,83,2
TA20_J17,15,8,27,32,5
TA20_J18,1,9,55,55,0
TA20_J18,2,12,71,75,4
TA20_J18,3,4,5,7,2
TA20_J18,4,14,83,84,1
TA20_J18,5,11,16,16,0
TA20_J18,6,8,4,7,3
TA20_J18,7,0,20,21,1
TA20_J18,8,7,15,15,0
TA20_J18,9,5,60,62,2
TA20_J18,10,3,8,11,3
TA20_J18,11,1,93,93,0
TA20_J18,12,10,33,35,2
TA20_J18,13,6,63,67,4
TA20_J18,14,13,71,71,0
TA20_J18,15,2,29,33,4
TA20_J19,1,12,92,93,1
TA20_J19,2,2,25,27,2
TA20_J19,3,3,8,12,4
TA20_J19,4,14,86,87,1
TA20_J19,5,5,22,26,4
TA20_J19,6,1,79,82,3
TA20_J19,7,6,23,25,2
TA20_J19,8,11,96,98,2
TA20_J19,9,13,24,29,5
TA20_J19,10,9,94,99,5
TA20_J19,11,7,97,97,0
TA20_J19,12,10,17,20,3
TA20_J19,13,8,48,49,1
TA20_J19,14,0,67,68,1
TA20_J19,15,4,47,50,3
TA20_J20,1,3,5,5,0
TA20_J20,2,12,77,79,2
TA20_J20,3,10,74,75,1
TA20_J20,4,5,59,64,5
TA20_J20,5,14,13,16,3
TA20_J20,6,0,57,62,5
TA20_J20,7,9,62,66,4
TA20_J20,8,8,37,40,3
TA20_J20,9,13,54,58,4
TA20_J20,10,6,69,72,3
TA20_J20,11,11,80,80,0
TA20_J20,12,1,35,40,5
TA20_J20,13,7,88,93,5
TA20_J20,14,2,47,50,3
TA20_J20,15,4,98,102,4
