dataset,global_job_id,operation_id,machine_id,processing_time
FT06,FT06_J1,1,2,1
FT06,FT06_J1,2,0,3
FT06,FT06_J1,3,1,6
FT06,FT06_J1,4,3,7
FT06,FT06_J1,5,5,3
FT06,FT06_J1,6,4,6
FT06,FT06_J2,1,1,8
FT06,FT06_J2,2,2,5
FT06,FT06_J2,3,4,10
FT06,FT06_J2,4,5,10
FT06,FT06_J2,5,0,10
FT06,FT06_J2,6,3,4
FT06,FT06_J3,1,2,5
FT06,FT06_J3,2,3,4
FT06,FT06_J3,3,5,8
FT06,FT06_J3,4,0,9
FT06,FT06_J3,5,1,1
FT06,FT06_J3,6,4,7
FT06,FT06_J4,1,1,5
FT06,FT06_J4,2,0,5
FT06,FT06_J4,3,2,5
FT06,FT06_J4,4,3,3
FT06,FT06_J4,5,4,8
FT06,FT06_J4,6,5,9
FT06,FT06_J5,1,2,9
FT06,FT06_J5,2,1,3
FT06,FT06_J5,3,4,5
FT06,FT06_J5,4,5,4
FT06,FT06_J5,5,0,3
FT06,FT06_J5,6,3,1
FT06,FT06_J6,1,1,3
FT06,FT06_J6,2,3,3
FT06,FT06_J6,3,5,9
FT06,FT06_J6,4,0,10
FT06,FT06_J6,5,4,4
FT06,FT06_J6,6,2,1
FT10,FT10_J1,1,0,29
FT10,FT10_J1,2,1,78
FT10,FT10_J1,3,2,9
FT10,FT10_J1,4,3,36
FT10,FT10_J1,5,4,49
FT10,FT10_J1,6,5,11
FT10,FT10_J1,7,6,62
FT10,FT10_J1,8,7,56
FT10,FT10_J1,9,8,44
FT10,FT10_J1,10,9,21
FT10,FT10_J2,1,0,43
FT10,FT10_J2,2,2,90
FT10,FT10_J2,3,4,75
FT10,FT10_J2,4,9,11
FT10,FT10_J2,5,3,69
FT10,FT10_J2,6,1,28
FT10,FT10_J2,7,6,46
FT10,FT10_J2,8,5,46
FT10,FT10_J2,9,7,72
FT10,FT10_J2,10,8,30
FT10,FT10_J3,1,1,91
FT10,FT10_J3,2,0,85
FT10,FT10_J3,3,3,39
FT10,FT10_J3,4,2,74
FT10,FT10_J3,5,8,90
FT10,FT10_J3,6,5,10
FT10,FT10_J3,7,7,12
FT10,FT10_J3,8,6,89
FT10,FT10_J3,9,9,45
FT10,FT10_J3,10,4,33
FT10,FT10_J4,1,1,81
FT10,FT10_J4,2,2,95
FT10,FT10_J4,3,0,71
FT10,FT10_J4,4,4,99
FT10,FT10_J4,5,6,9
FT10,FT10_J4,6,8,52
FT10,FT10_J4,7,7,85
FT10,FT10_J4,8,3,98
FT10,FT10_J4,9,9,22
FT10,FT10_J4,10,5,43
FT10,FT10_J5,1,2,14
FT10,FT10_J5,2,0,6
FT10,FT10_J5,3,1,22
FT10,FT10_J5,4,5,61
FT10,FT10_J5,5,3,26
FT10,FT10_J5,6,4,69
FT10,FT10_J5,7,8,21
FT10,FT10_J5,8,7,49
FT10,FT10_J5,9,9,72
FT10,FT10_J5,10,6,53
FT10,FT10_J6,1,2,84
FT10,FT10_J6,2,1,2
FT10,FT10_J6,3,5,52
FT10,FT10_J6,4,3,95
FT10,FT10_J6,5,8,48
FT10,FT10_J6,6,9,72
FT10,FT10_J6,7,0,47
FT10,FT10_J6,8,6,65
FT10,FT10_J6,9,4,6
FT10,FT10_J6,10,7,25
FT10,FT10_J7,1,1,46
FT10,FT10_J7,2,0,37
FT10,FT10_J7,3,3,61
FT10,FT10_J7,4,2,13
FT10,FT10_J7,5,6,32
FT10,FT10_J7,6,5,21
FT10,FT10_J7,7,9,32
FT10,FT10_J7,8,8,89
FT10,FT10_J7,9,7,30
FT10,FT10_J7,10,4,55
FT10,FT10_J8,1,2,31
FT10,FT10_J8,2,0,86
FT10,FT10_J8,3,1,46
FT10,FT10_J8,4,5,74
FT10,FT10_J8,5,4,32
FT10,FT10_J8,6,6,88
FT10,FT10_J8,7,8,19
FT10,FT10_J8,8,9,48
FT10,FT10_J8,9,7,36
FT10,FT10_J8,10,3,79
FT10,FT10_J9,1,0,76
FT10,FT10_J9,2,1,69
FT10,FT10_J9,3,3,76
FT10,FT10_J9,4,5,51
FT10,FT10_J9,5,2,85
FT10,FT10_J9,6,9,11
FT10,FT10_J9,7,6,40
FT10,FT10_J9,8,7,89
FT10,FT10_J9,9,4,26
FT10,FT10_J9,10,8,74
FT10,FT10_J10,1,1,85
FT10,FT10_J10,2,0,13
FT10,FT10_J10,3,2,61
FT10,FT10_J10,4,6,7
FT10,FT10_J10,5,8,64
FT10,FT10_J10,6,9,76
FT10,FT10_J10,7,5,47
FT10,FT10_J10,8,3,52
FT10,FT10_J10,9,4,90
FT10,FT10_J10,10,7,45
FT20,FT20_J1,1,0,29
FT20,FT20_J1,2,1,9
FT20,FT20_J1,3,2,49
FT20,FT20_J1,4,3,62
FT20,FT20_J1,5,4,44
FT20,FT20_J2,1,0,43
FT20,FT20_J2,2,1,75
FT20,FT20_J2,3,3,69
FT20,FT20_J2,4,2,46
FT20,FT20_J2,5,4,72
FT20,FT20_J3,1,1,91
FT20,FT20_J3,2,0,39
FT20,FT20_J3,3,2,90
FT20,FT20_J3,4,4,12
FT20,FT20_J3,5,3,45
FT20,FT20_J4,1,1,81
FT20,FT20_J4,2,0,71
FT20,FT20_J4,3,4,9
FT20,FT20_J4,4,2,85
FT20,FT20_J4,5,3,22
FT20,FT20_J5,1,2,14
FT20,FT20_J5,2,1,22
FT20,FT20_J5,3,0,26
FT20,FT20_J5,4,3,21
FT20,FT20_J5,5,4,72
FT20,FT20_J6,1,2,84
FT20,FT20_J6,2,1,52
FT20,FT20_J6,3,4,48
FT20,FT20_J6,4,0,47
FT20,FT20_J6,5,3,6
FT20,FT20_J7,1,1,46
FT20,FT20_J7,2,0,61
FT20,FT20_J7,3,2,32
FT20,FT20_J7,4,3,32
FT20,FT20_J7,5,4,30
FT20,FT20_J8,1,2,31
FT20,FT20_J8,2,1,46
FT20,FT20_J8,3,0,32
FT20,FT20_J8,4,3,19
FT20,FT20_J8,5,4,36
FT20,FT20_J9,1,0,76
FT20,FT20_J9,2,3,76
FT20,FT20_J9,3,2,85
FT20,FT20_J9,4,1,40
FT20,FT20_J9,5,4,26
FT20,FT20_J10,1,1,85
FT20,FT20_J10,2,2,61
FT20,FT20_J10,3,0,64
FT20,FT20_J10,4,3,47
FT20,FT20_J10,5,4,90
FT20,FT20_J11,1,1,78
FT20,FT20_J11,2,3,36
FT20,FT20_J11,3,0,11
FT20,FT20_J11,4,4,56
FT20,FT20_J11,5,2,21
FT20,FT20_J12,1,2,90
FT20,FT20_J12,2,0,11
FT20,FT20_J12,3,1,28
FT20,FT20_J12,4,3,46
FT20,FT20_J12,5,4,30
FT20,FT20_J13,1,0,85
FT20,FT20_J13,2,2,74
FT20,FT20_J13,3,1,10
FT20,FT20_J13,4,3,89
FT20,FT20_J13,5,4,33
FT20,FT20_J14,1,2,95
FT20,FT20_J14,2,0,99
FT20,FT20_J14,3,1,52
FT20,FT20_J14,4,3,98
FT20,FT20_J14,5,4,43
FT20,FT20_J15,1,0,6
FT20,FT20_J15,2,1,61
FT20,FT20_J15,3,4,69
FT20,FT20_J15,4,2,49
FT20,FT20_J15,5,3,53
FT20,FT20_J16,1,1,2
FT20,FT20_J16,2,0,95
FT20,FT20_J16,3,3,72
FT20,FT20_J16,4,4,65
FT20,FT20_J16,5,2,25
FT20,FT20_J17,1,0,37
FT20,FT20_J17,2,2,13
FT20,FT20_J17,3,1,21
FT20,FT20_J17,4,3,89
FT20,FT20_J17,5,4,55
FT20,FT20_J18,1,0,86
FT20,FT20_J18,2,1,74
FT20,FT20_J18,3,4,88
FT20,FT20_J18,4,2,48
FT20,FT20_J18,5,3,79
FT20,FT20_J19,1,1,69
FT20,FT20_J19,2,2,51
FT20,FT20_J19,3,0,11
FT20,FT20_J19,4,3,89
FT20,FT20_J19,5,4,74
FT20,FT20_J20,1,0,13
FT20,FT20_J20,2,1,7
FT20,FT20_J20,3,2,76
FT20,FT20_J20,4,3,52
FT20,FT20_J20,5,4,45
LA01,LA01_J1,1,1,21
LA01,LA01_J1,2,0,53
LA01,LA01_J1,3,4,95
LA01,LA01_J1,4,3,55
LA01,LA01_J1,5,2,34
LA01,LA01_J2,1,0,21
LA01,LA01_J2,2,3,52
LA01,LA01_J2,3,4,16
LA01,LA01_J2,4,2,26
LA01,LA01_J2,5,1,71
LA01,LA01_J3,1,3,39
LA01,LA01_J3,2,4,98
LA01,LA01_J3,3,1,42
LA01,LA01_J3,4,2,31
LA01,LA01_J3,5,0,12
LA01,LA01_J4,1,1,77
LA01,LA01_J4,2,0,55
LA01,LA01_J4,3,4,79
LA01,LA01_J4,4,2,66
LA01,LA01_J4,5,3,77
LA01,LA01_J5,1,0,83
LA01,LA01_J5,2,3,34
LA01,LA01_J5,3,2,64
LA01,LA01_J5,4,1,19
LA01,LA01_J5,5,4,37
LA01,LA01_J6,1,1,54
LA01,LA01_J6,2,2,43
LA01,LA01_J6,3,4,79
LA01,LA01_J6,4,0,92
LA01,LA01_J6,5,3,62
LA01,LA01_J7,1,3,69
LA01,LA01_J7,2,4,77
LA01,LA01_J7,3,1,87
LA01,LA01_J7,4,2,87
LA01,LA01_J7,5,0,93
LA01,LA01_J8,1,2,38
LA01,LA01_J8,2,0,60
LA01,LA01_J8,3,1,41
LA01,LA01_J8,4,3,24
LA01,LA01_J8,5,4,83
LA01,LA01_J9,1,3,17
LA01,LA01_J9,2,1,49
LA01,LA01_J9,3,4,25
LA01,LA01_J9,4,0,44
LA01,LA01_J9,5,2,98
LA01,LA01_J10,1,4,77
LA01,LA01_J10,2,3,79
LA01,LA01_J10,3,2,43
LA01,LA01_J10,4,1,75
LA01,LA01_J10,5,0,96
LA05,LA05_J1,1,1,72
LA05,LA05_J1,2,0,87
LA05,LA05_J1,3,4,95
LA05,LA05_J1,4,2,66
LA05,LA05_J1,5,3,60
LA05,LA05_J2,1,4,5
LA05,LA05_J2,2,3,35
LA05,LA05_J2,3,0,48
LA05,LA05_J2,4,2,39
LA05,LA05_J2,5,1,54
LA05,LA05_J3,1,1,46
LA05,LA05_J3,2,3,20
LA05,LA05_J3,3,2,21
LA05,LA05_J3,4,0,97
LA05,LA05_J3,5,4,55
LA05,LA05_J4,1,0,59
LA05,LA05_J4,2,3,19
LA05,LA05_J4,3,4,46
LA05,LA05_J4,4,1,34
LA05,LA05_J4,5,2,37
LA05,LA05_J5,1,4,23
LA05,LA05_J5,2,2,73
LA05,LA05_J5,3,3,25
LA05,LA05_J5,4,1,24
LA05,LA05_J5,5,0,28
LA05,LA05_J6,1,3,28
LA05,LA05_J6,2,0,45
LA05,LA05_J6,3,4,5
LA05,LA05_J6,4,1,78
LA05,LA05_J6,5,2,83
LA05,LA05_J7,1,0,53
LA05,LA05_J7,2,3,71
LA05,LA05_J7,3,1,37
LA05,LA05_J7,4,4,29
LA05,LA05_J7,5,2,12
LA05,LA05_J8,1,4,12
LA05,LA05_J8,2,2,87
LA05,LA05_J8,3,3,33
LA05,LA05_J8,4,1,55
LA05,LA05_J8,5,0,38
LA05,LA05_J9,1,2,49
LA05,LA05_J9,2,3,83
LA05,LA05_J9,3,1,40
LA05,LA05_J9,4,0,48
LA05,LA05_J9,5,4,7
LA05,LA05_J10,1,2,65
LA05,LA05_J10,2,3,17
LA05,LA05_J10,3,0,90
LA05,LA05_J10,4,4,27
LA05,LA05_J10,5,1,23
LA10,LA10_J1,1,1,58
LA10,LA10_J1,2,2,44
LA10,LA10_J1,3,3,5
LA10,LA10_J1,4,0,9
LA10,LA10_J1,5,4,58
LA10,LA10_J2,1,1,89
LA10,LA10_J2,2,0,97
LA10,LA10_J2,3,4,96
LA10,LA10_J2,4,3,77
LA10,LA10_J2,5,2,84
LA10,LA10_J3,1,0,77
LA10,LA10_J3,2,1,87
LA10,LA10_J3,3,2,81
LA10,LA10_J3,4,4,39
LA10,LA10_J3,5,3,85
LA10,LA10_J4,1,3,57
LA10,LA10_J4,2,1,21
LA10,LA10_J4,3,2,31
LA10,LA10_J4,4,0,15
LA10,LA10_J4,5,4,73
LA10,LA10_J5,1,2,48
LA10,LA10_J5,2,0,40
LA10,LA10_J5,3,1,49
LA10,LA10_J5,4,3,70
LA10,LA10_J5,5,4,71
LA10,LA10_J6,1,3,34
LA10,LA10_J6,2,4,82
LA10,LA10_J6,3,2,80
LA10,LA10_J6,4,0,10
LA10,LA10_J6,5,1,22
LA10,LA10_J7,1,1,91
LA10,LA10_J7,2,4,75
LA10,LA10_J7,3,0,55
LA10,LA10_J7,4,2,17
LA10,LA10_J7,5,3,7
LA10,LA10_J8,1,2,62
LA10,LA10_J8,2,3,47
LA10,LA10_J8,3,1,72
LA10,LA10_J8,4,4,35
LA10,LA10_J8,5,0,11
LA10,LA10_J9,1,0,64
LA10,LA10_J9,2,3,75
LA10,LA10_J9,3,4,50
LA10,LA10_J9,4,1,90
LA10,LA10_J9,5,2,94
LA10,LA10_J10,1,2,67
LA10,LA10_J10,2,4,20
LA10,LA10_J10,3,3,15
LA10,LA10_J10,4,0,12
LA10,LA10_J10,5,1,71
LA10,LA10_J11,1,0,52
LA10,LA10_J11,2,4,93
LA10,LA10_J11,3,3,68
LA10,LA10_J11,4,2,29
LA10,LA10_J11,5,1,57
LA10,LA10_J12,1,2,70
LA10,LA10_J12,2,0,58
LA10,LA10_J12,3,1,93
LA10,LA10_J12,4,4,7
LA10,LA10_J12,5,3,77
LA10,LA10_J13,1,3,27
LA10,LA10_J13,2,2,82
LA10,LA10_J13,3,1,63
LA10,LA10_J13,4,4,6
LA10,LA10_J13,5,0,95
LA10,LA10_J14,1,1,87
LA10,LA10_J14,2,2,56
LA10,LA10_J14,3,4,36
LA10,LA10_J14,4,0,26
LA10,LA10_J14,5,3,48
LA10,LA10_J15,1,3,76
LA10,LA10_J15,2,2,36
LA10,LA10_J15,3,0,36
LA10,LA10_J15,4,4,15
LA10,LA10_J15,5,1,8
LA16,LA16_J1,1,1,21
LA16,LA16_J1,2,6,71
LA16,LA16_J1,3,9,16
LA16,LA16_J1,4,8,52
LA16,LA16_J1,5,7,26
LA16,LA16_J1,6,2,34
LA16,LA16_J1,7,0,53
LA16,LA16_J1,8,4,21
LA16,LA16_J1,9,3,55
LA16,LA16_J1,10,5,95
LA16,LA16_J2,1,4,55
LA16,LA16_J2,2,2,31
LA16,LA16_J2,3,5,98
LA16,LA16_J2,4,9,79
LA16,LA16_J2,5,0,12
LA16,LA16_J2,6,7,66
LA16,LA16_J2,7,1,42
LA16,LA16_J2,8,8,77
LA16,LA16_J2,9,6,77
LA16,LA16_J2,10,3,39
LA16,LA16_J3,1,3,34
LA16,LA16_J3,2,2,64
LA16,LA16_J3,3,8,62
LA16,LA16_J3,4,1,19
LA16,LA16_J3,5,4,92
LA16,LA16_J3,6,9,79
LA16,LA16_J3,7,7,43
LA16,LA16_J3,8,6,54
LA16,LA16_J3,9,0,83
LA16,LA16_J3,10,5,37
LA16,LA16_J4,1,1,87
LA16,LA16_J4,2,3,69
LA16,LA16_J4,3,2,87
LA16,LA16_J4,4,7,38
LA16,LA16_J4,5,8,24
LA16,LA16_J4,6,9,83
LA16,LA16_J4,7,6,41
LA16,LA16_J4,8,0,93
LA16,LA16_J4,9,5,77
LA16,LA16_J4,10,4,60
LA16,LA16_J5,1,2,98
LA16,LA16_J5,2,0,44
LA16,LA16_J5,3,5,25
LA16,LA16_J5,4,6,75
LA16,LA16_J5,5,7,43
LA16,LA16_J5,6,1,49
LA16,LA16_J5,7,4,96
LA16,LA16_J5,8,9,77
LA16,LA16_J5,9,3,17
LA16,LA16_J5,10,8,79
LA16,LA16_J6,1,2,35
LA16,LA16_J6,2,3,76
LA16,LA16_J6,3,5,28
LA16,LA16_J6,4,9,10
LA16,LA16_J6,5,4,61
LA16,LA16_J6,6,6,9
LA16,LA16_J6,7,0,95
LA16,LA16_J6,8,8,35
LA16,LA16_J6,9,1,7
LA16,LA16_J6,10,7,95
LA16,LA16_J7,1,3,16
LA16,LA16_J7,2,2,59
LA16,LA16_J7,3,0,46
LA16,LA16_J7,4,1,91
LA16,LA16_J7,5,9,43
LA16,LA16_J7,6,8,50
LA16,LA16_J7,7,6,52
LA16,LA16_J7,8,5,59
LA16,LA16_J7,9,4,28
LA16,LA16_J7,10,7,27
LA16,LA16_J8,1,1,45
LA16,LA16_J8,2,0,87
LA16,LA16_J8,3,3,41
LA16,LA16_J8,4,4,20
LA16,LA16_J8,5,6,54
LA16,LA16_J8,6,9,43
LA16,LA16_J8,7,8,14
LA16,LA16_J8,8,5,9
LA16,LA16_J8,9,2,39
LA16,LA16_J8,10,7,71
LA16,LA16_J9,1,4,33
LA16,LA16_J9,2,2,37
LA16,LA16_J9,3,8,66
LA16,LA16_J9,4,5,33
LA16,LA16_J9,5,3,26
LA16,LA16_J9,6,7,8
LA16,LA16_J9,7,1,28
LA16,LA16_J9,8,6,89
LA16,LA16_J9,9,9,42
LA16,LA16_J9,10,0,78
LA16,LA16_J10,1,8,69
LA16,LA16_J10,2,9,81
LA16,LA16_J10,3,2,94
LA16,LA16_J10,4,4,96
LA16,LA16_J10,5,3,27
LA16,LA16_J10,6,0,69
LA16,LA16_J10,7,7,45
LA16,LA16_J10,8,6,78
LA16,LA16_J10,9,1,74
LA16,LA16_J10,10,5,84
LA20,LA20_J1,1,6,9
LA20,LA20_J1,2,1,81
LA20,LA20_J1,3,4,55
LA20,LA20_J1,4,2,40
LA20,LA20_J1,5,8,32
LA20,LA20_J1,6,3,37
LA20,LA20_J1,7,0,6
LA20,LA20_J1,8,5,19
LA20,LA20_J1,9,9,81
LA20,LA20_J1,10,7,40
LA20,LA20_J2,1,7,21
LA20,LA20_J2,2,2,70
LA20,LA20_J2,3,9,65
LA20,LA20_J2,4,4,64
LA20,LA20_J2,5,1,46
LA20,LA20_J2,6,5,65
LA20,LA20_J2,7,8,25
LA20,LA20_J2,8,0,77
LA20,LA20_J2,9,3,55
LA20,LA20_J2,10,6,15
LA20,LA20_J3,1,2,85
LA20,LA20_J3,2,5,37
LA20,LA20_J3,3,0,40
LA20,LA20_J3,4,3,24
LA20,LA20_J3,5,1,44
LA20,LA20_J3,6,6,83
LA20,LA20_J3,7,4,89
LA20,LA20_J3,8,8,31
LA20,LA20_J3,9,7,84
LA20,LA20_J3,10,9,29
LA20,LA20_J4,1,4,80
LA20,LA20_J4,2,6,77
LA20,LA20_J4,3,7,56
LA20,LA20_J4,4,0,8
LA20,LA20_J4,5,2,30
LA20,LA20_J4,6,5,59
LA20,LA20_J4,7,3,38
LA20,LA20_J4,8,1,80
LA20,LA20_J4,9,9,41
LA20,LA20_J4,10,8,97
LA20,LA20_J5,1,0,91
LA20,LA20_J5,2,6,40
LA20,LA20_J5,3,4,88
LA20,LA20_J5,4,1,17
LA20,LA20_J5,5,2,71
LA20,LA20_J5,6,3,50
LA20,LA20_J5,7,9,59
LA20,LA20_J5,8,8,80
LA20,LA20_J5,9,5,56
LA20,LA20_J5,10,7,7
LA20,LA20_J6,1,2,8
LA20,LA20_J6,2,6,9
LA20,LA20_J6,3,3,58
LA20,LA20_J6,4,5,77
LA20,LA20_J6,5,1,29
LA20,LA20_J6,6,8,96
LA20,LA20_J6,7,0,45
LA20,LA20_J6,8,9,10
LA20,LA20_J6,9,4,54
LA20,LA20_J6,10,7,36
LA20,LA20_J7,1,4,70
LA20,LA20_J7,2,3,92
LA20,LA20_J7,3,1,98
LA20,LA20_J7,4,5,87
LA20,LA20_J7,5,6,99
LA20,LA20_J7,6,7,27
LA20,LA20_J7,7,8,86
LA20,LA20_J7,8,9,96
LA20,LA20_J7,9,0,28
LA20,LA20_J7,10,2,73
LA20,LA20_J8,1,1,95
LA20,LA20_J8,2,7,92
LA20,LA20_J8,3,3,85
LA20,LA20_J8,4,4,52
LA20,LA20_J8,5,6,81
LA20,LA20_J8,6,9,32
LA20,LA20_J8,7,8,39
LA20,LA20_J8,8,0,59
LA20,LA20_J8,9,2,41
LA20,LA20_J8,10,5,56
LA20,LA20_J9,1,3,60
LA20,LA20_J9,2,8,45
LA20,LA20_J9,3,0,88
LA20,LA20_J9,4,2,12
LA20,LA20_J9,5,1,7
LA20,LA20_J9,6,5,22
LA20,LA20_J9,7,4,93
LA20,LA20_J9,8,9,49
LA20,LA20_J9,9,7,69
LA20,LA20_J9,10,6,27
LA20,LA20_J10,1,0,21
LA20,LA20_J10,2,2,61
LA20,LA20_J10,3,3,68
LA20,LA20_J10,4,5,26
LA20,LA20_J10,5,6,82
LA20,LA20_J10,6,9,71
LA20,LA20_J10,7,8,44
LA20,LA20_J10,8,4,99
LA20,LA20_J10,9,7,33
LA20,LA20_J10,10,1,84
TA01,TA01_J1,1,6,94
TA01,TA01_J1,2,12,66
TA01,TA01_J1,3,4,10
TA01,TA01_J1,4,7,53
TA01,TA01_J1,5,3,26
TA01,TA01_J1,6,2,15
TA01,TA01_J1,7,10,65
TA01,TA01_J1,8,11,82
TA01,TA01_J1,9,8,10
TA01,TA01_J1,10,14,27
TA01,TA01_J1,11,9,93
TA01,TA01_J1,12,13,92
TA01,TA01_J1,13,5,96
TA01,TA01_J1,14,0,70
TA01,TA01_J1,15,1,83
TA01,TA01_J2,1,4,74
TA01,TA01_J2,2,5,31
TA01,TA01_J2,3,7,88
TA01,TA01_J2,4,14,51
TA01,TA01_J2,5,13,57
TA01,TA01_J2,6,8,78
TA01,TA01_J2,7,11,8
TA01,TA01_J2,8,9,7
TA01,TA01_J2,9,6,91
TA01,TA01_J2,10,10,79
TA01,TA01_J2,11,0,18
TA01,TA01_J2,12,3,51
TA01,TA01_J2,13,12,18
TA01,TA01_J2,14,1,99
TA01,TA01_J2,15,2,33
TA01,TA01_J3,1,1,4
TA01,TA01_J3,2,8,82
TA01,TA01_J3,3,9,40
TA01,TA01_J3,4,12,86
TA01,TA01_J3,5,6,50
TA01,TA01_J3,6,11,54
TA01,TA01_J3,7,13,21
TA01,TA01_J3,8,5,6
TA01,TA01_J3,9,0,54
TA01,TA01_J3,10,2,68
TA01,TA01_J3,11,7,82
TA01,TA01_J3,12,10,20
TA01,TA01_J3,13,4,39
TA01,TA01_J3,14,3,35
TA01,TA01_J3,15,14,68
TA01,TA01_J4,1,5,73
TA01,TA01_J4,2,2,23
TA01,TA01_J4,3,9,30
TA01,TA01_J4,4,6,30
TA01,TA01_J4,5,10,53
TA01,TA01_J4,6,0,94
TA01,TA01_J4,7,13,58
TA01,TA01_J4,8,4,93
TA01,TA01_J4,9,7,32
TA01,TA01_J4,10,14,91
TA01,TA01_J4,11,11,30
TA01,TA01_J4,12,8,56
TA01,TA01_J4,13,12,27
TA01,TA01_J4,14,1,92
TA01,TA01_J4,15,3,9
TA01,TA01_J5,1,7,78
TA01,TA01_J5,2,8,23
TA01,TA01_J5,3,6,21
TA01,TA01_J5,4,10,60
TA01,TA01_J5,5,4,36
TA01,TA01_J5,6,9,29
TA01,TA01_J5,7,2,95
TA01,TA01_J5,8,14,99
TA01,TA01_J5,9,12,79
TA01,TA01_J5,10,5,76
TA01,TA01_J5,11,1,93
TA01,TA01_J5,12,13,42
TA01,TA01_J5,13,11,52
TA01,TA01_J5,14,0,42
TA01,TA01_J5,15,3,96
TA01,TA01_J6,1,5,29
TA01,TA01_J6,2,3,61
TA01,TA01_J6,3,12,88
TA01,TA01_J6,4,13,70
TA01,TA01_J6,5,11,16
TA01,TA01_J6,6,4,31
TA01,TA01_J6,7,14,65
TA01,TA01_J6,8,7,83
TA01,TA01_J6,9,2,78
TA01,TA01_J6,10,1,26
TA01,TA01_J6,11,10,50
TA01,TA01_J6,12,0,87
TA01,TA01_J6,13,9,62
TA01,TA01_J6,14,6,14
TA01,TA01_J6,15,8,30
TA01,TA01_J7,1,12,18
TA01,TA01_J7,2,3,75
TA01,TA01_J7,3,7,20
TA01,TA01_J7,4,8,4
TA01,TA01_J7,5,14,91
TA01,TA01_J7,6,6,68
TA01,TA01_J7,7,1,19
TA01,TA01_J7,8,11,54
TA01,TA01_J7,9,4,85
TA01,TA01_J7,10,5,73
TA01,TA01_J7,11,2,43
TA01,TA01_J7,12,10,24
TA01,TA01_J7,13,0,37
TA01,TA01_J7,14,13,87
TA01,TA01_J7,15,9,66
TA01,TA01_J8,1,11,32
TA01,TA01_J8,2,5,52
TA01,TA01_J8,3,0,9
TA01,TA01_J8,4,7,49
TA01,TA01_J8,5,12,61
TA01,TA01_J8,6,13,35
TA01,TA01_J8,7,14,99
TA01,TA01_J8,8,1,62
TA01,TA01_J8,9,2,6
TA01,TA01_J8,10,8,62
TA01,TA01_J8,11,4,7
TA01,TA01_J8,12,3,80
TA01,TA01_J8,13,9,3
TA01,TA01_J8,14,6,57
TA01,TA01_J8,15,10,7
TA01,TA01_J9,1,10,85
TA01,TA01_J9,2,11,30
TA01,TA01_J9,3,6,96
TA01,TA01_J9,4,14,91
TA01,TA01_J9,5,0,13
TA01,TA01_J9,6,1,87
TA01,TA01_J9,7,2,82
TA01,TA01_J9,8,5,83
TA01,TA01_J9,9,12,78
TA01,TA01_J9,10,4,56
TA01,TA01_J9,11,8,85
TA01,TA01_J9,12,7,8
TA01,TA01_J9,13,9,66
TA01,TA01_J9,14,13,88
TA01,TA01_J9,15,3,15
TA01,TA01_J10,1,6,5
TA01,TA01_J10,2,11,59
TA01,TA01_J10,3,9,30
TA01,TA01_J10,4,2,60
TA01,TA01_J10,5,8,41
TA01,TA01_J10,6,0,17
TA01,TA01_J10,7,13,66
TA01,TA01_J10,8,3,89
TA01,TA01_J10,9,10,78
TA01,TA01_J10,10,7,88
TA01,TA01_J10,11,1,69
TA01,TA01_J10,12,12,45
TA01,TA01_J10,13,14,82
TA01,TA01_J10,14,4,6
TA01,TA01_J10,15,5,13
TA01,TA01_J11,1,4,90
TA01,TA01_J11,2,7,27
TA01,TA01_J11,3,13,1
TA01,TA01_J11,4,0,8
TA01,TA01_J11,5,5,91
TA01,TA01_J11,6,12,80
TA01,TA01_J11,7,6,89
TA01,TA01_J11,8,8,49
TA01,TA01_J11,9,14,32
TA01,TA01_J11,10,10,28
TA01,TA01_J11,11,3,90
TA01,TA01_J11,12,1,93
TA01,TA01_J11,13,11,6
TA01,TA01_J11,14,9,35
TA01,TA01_J11,15,2,73
TA01,TA01_J12,1,2,47
TA01,TA01_J12,2,14,43
TA01,TA01_J12,3,0,75
TA01,TA01_J12,4,12,8
TA01,TA01_J12,5,6,51
TA01,TA01_J12,6,10,3
TA01,TA01_J12,7,7,84
TA01,TA01_J12,8,5,34
TA01,TA01_J12,9,8,28
TA01,TA01_J12,10,9,60
TA01,TA01_J12,11,13,69
TA01,TA01_J12,12,1,45
TA01,TA01_J12,13,3,67
TA01,TA01_J12,14,11,58
TA01,TA01_J12,15,4,87
TA01,TA01_J13,1,5,65
TA01,TA01_J13,2,8,62
TA01,TA01_J13,3,10,97
TA01,TA01_J13,4,2,20
TA01,TA01_J13,5,3,31
TA01,TA01_J13,6,6,33
TA01,TA01_J13,7,9,33
TA01,TA01_J13,8,0,77
TA01,TA01_J13,9,13,50
TA01,TA01_J13,10,4,80
TA01,TA01_J13,11,1,48
TA01,TA01_J13,12,11,90
TA01,TA01_J13,13,12,75
TA01,TA01_J13,14,7,96
TA01,TA01_J13,15,14,44
TA01,TA01_J14,1,8,28
TA01,TA01_J14,2,14,21
TA01,TA01_J14,3,4,51
TA01,TA01_J14,4,13,75
TA01,TA01_J14,5,5,17
TA01,TA01_J14,6,6,89
TA01,TA01_J14,7,9,59
TA01,TA01_J14,8,1,56
TA01,TA01_J14,9,12,63
TA01,TA01_J14,10,7,18
TA01,TA01_J14,11,11,17
TA01,TA01_J14,12,10,30
TA01,TA01_J14,13,3,16
TA01,TA01_J14,14,2,7
TA01,TA01_J14,15,0,35
TA01,TA01_J15,1,10,57
TA01,TA01_J15,2,8,16
TA01,TA01_J15,3,12,42
TA01,TA01_J15,4,6,34
TA01,TA01_J15,5,4,37
TA01,TA01_J15,6,1,26
TA01,TA01_J15,7,13,68
TA01,TA01_J15,8,14,73
TA01,TA01_J15,9,11,5
TA01,TA01_J15,10,0,8
TA01,TA01_J15,11,7,12
TA01,TA01_J15,12,3,87
TA01,TA01_J15,13,2,83
TA01,TA01_J15,14,9,20
TA01,TA01_J15,15,5,97
TA05,TA05_J1,1,12,40
TA05,TA05_J1,2,1,96
TA05,TA05_J1,3,4,59
TA05,TA05_J1,4,9,95
TA05,TA05_J1,5,13,76
TA05,TA05_J1,6,0,75
TA05,TA05_J1,7,11,23
TA05,TA05_J1,8,8,65
TA05,TA05_J1,9,3,65
TA05,TA05_J1,10,5,16
TA05,TA05_J1,11,6,71
TA05,TA05_J1,12,14,52
TA05,TA05_J1,13,10,84
TA05,TA05_J1,14,2,99
TA05,TA05_J1,15,7,24
TA05,TA05_J2,1,5,2
TA05,TA05_J2,2,1,88
TA05,TA05_J2,3,14,99
TA05,TA05_J2,4,10,52
TA05,TA05_J2,5,13,68
TA05,TA05_J2,6,9,13
TA05,TA05_J2,7,6,38
TA05,TA05_J2,8,12,35
TA05,TA05_J2,9,8,57
TA05,TA05_J2,10,2,37
TA05,TA05_J2,11,7,93
TA05,TA05_J2,12,0,38
TA05,TA05_J2,13,3,68
TA05,TA05_J2,14,4,94
TA05,TA05_J2,15,11,71
TA05,TA05_J3,1,6,87
TA05,TA05_J3,2,3,46
TA05,TA05_J3,3,10,14
TA05,TA05_J3,4,7,87
TA05,TA05_J3,5,13,30
TA05,TA05_J3,6,4,79
TA05,TA05_J3,7,5,62
TA05,TA05_J3,8,9,37
TA05,TA05_J3,9,8,54
TA05,TA05_J3,10,2,1
TA05,TA05_J3,11,0,97
TA05,TA05_J3,12,1,16
TA05,TA05_J3,13,11,2
TA05,TA05_J3,14,14,51
TA05,TA05_J3,15,12,96
TA05,TA05_J4,1,10,19
TA05,TA05_J4,2,7,15
TA05,TA05_J4,3,5,42
TA05,TA05_J4,4,0,8
TA05,TA05_J4,5,9,72
TA05,TA05_J4,6,13,15
TA05,TA05_J4,7,2,76
TA05,TA05_J4,8,8,25
TA05,TA05_J4,9,1,78
TA05,TA05_J4,10,14,84
TA05,TA05_J4,11,11,62
TA05,TA05_J4,12,3,70
TA05,TA05_J4,13,12,81
TA05,TA05_J4,14,6,16
TA05,TA05_J4,15,4,97
TA05,TA05_J5,1,6,68
TA05,TA05_J5,2,12,71
TA05,TA05_J5,3,14,3
TA05,TA05_J5,4,1,68
TA05,TA05_J5,5,7,91
TA05,TA05_J5,6,5,37
TA05,TA05_J5,7,11,73
TA05,TA05_J5,8,0,21
TA05,TA05_J5,9,2,85
TA05,TA05_J5,10,3,79
TA05,TA05_J5,11,8,51
TA05,TA05_J5,12,13,50
TA05,TA05_J5,13,4,21
TA05,TA05_J5,14,9,30
TA05,TA05_J5,15,10,64
TA05,TA05_J6,1,4,14
TA05,TA05_J6,2,7,1
TA05,TA05_J6,3,6,29
TA05,TA05_J6,4,0,72
TA05,TA05_J6,5,8,6
TA05,TA05_J6,6,13,31
TA05,TA05_J6,7,12,98
TA05,TA05_J6,8,14,50
TA05,TA05_J6,9,3,83
TA05,TA05_J6,10,2,2
TA05,TA05_J6,11,5,86
TA05,TA05_J6,12,9,33
TA05,TA05_J6,13,10,33
TA05,TA05_J6,14,1,98
TA05,TA05_J6,15,11,59
TA05,TA05_J7,1,10,21
TA05,TA05_J7,2,11,80
TA05,TA05_J7,3,6,99
TA05,TA05_J7,4,9,70
TA05,TA05_J7,5,0,80
TA05,TA05_J7,6,2,71
TA05,TA05_J7,7,1,47
TA05,TA05_J7,8,8,96
TA05,TA05_J7,9,12,56
TA05,TA05_J7,10,7,78
TA05,TA05_J7,11,5,53
TA05,TA05_J7,12,3,10
TA05,TA05_J7,13,13,92
TA05,TA05_J7,14,14,1
TA05,TA05_J7,15,4,33
TA05,TA05_J8,1,3,29
TA05,TA05_J8,2,10,85
TA05,TA05_J8,3,5,89
TA05,TA05_J8,4,6,10
TA05,TA05_J8,5,8,30
TA05,TA05_J8,6,4,38
TA05,TA05_J8,7,0,38
TA05,TA05_J8,8,14,48
TA05,TA05_J8,9,2,16
TA05,TA05_J8,10,7,65
TA05,TA05_J8,11,9,90
TA05,TA05_J8,12,11,73
TA05,TA05_J8,13,12,88
TA05,TA05_J8,14,1,46
TA05,TA05_J8,15,13,47
TA05,TA05_J9,1,1,37
TA05,TA05_J9,2,2,9
TA05,TA05_J9,3,6,49
TA05,TA05_J9,4,7,23
TA05,TA05_J9,5,10,1
TA05,TA05_J9,6,12,78
TA05,TA05_J9,7,14,39
TA05,TA05_J9,8,8,15
TA05,TA05_J9,9,0,9
TA05,TA05_J9,10,3,41
TA05,TA05_J9,11,13,35
TA05,TA05_J9,12,5,83
TA05,TA05_J9,13,4,8
TA05,TA05_J9,14,9,61
TA05,TA05_J9,15,11,60
TA05,TA05_J10,1,12,1
TA05,TA05_J10,2,7,73
TA05,TA05_J10,3,6,47
TA05,TA05_J10,4,14,46
TA05,TA05_J10,5,3,10
TA05,TA05_J10,6,4,37
TA05,TA05_J10,7,0,60
TA05,TA05_J10,8,13,84
TA05,TA05_J10,9,10,26
TA05,TA05_J10,10,8,11
TA05,TA05_J10,11,11,37
TA05,TA05_J10,12,9,79
TA05,TA05_J10,13,5,75
TA05,TA05_J10,14,2,49
TA05,TA05_J10,15,1,51
TA05,TA05_J11,1,4,22
TA05,TA05_J11,2,3,49
TA05,TA05_J11,3,8,33
TA05,TA05_J11,4,14,2
TA05,TA05_J11,5,2,24
TA05,TA05_J11,6,13,3
TA05,TA05_J11,7,5,73
TA05,TA05_J11,8,6,68
TA05,TA05_J11,9,10,21
TA05,TA05_J11,10,12,61
TA05,TA05_J11,11,7,69
TA05,TA05_J11,12,11,94
TA05,TA05_J11,13,1,43
TA05,TA05_J11,14,9,39
TA05,TA05_J11,15,0,48
TA05,TA05_J12,1,6,81
TA05,TA05_J12,2,12,46
TA05,TA05_J12,3,7,21
TA05,TA05_J12,4,5,23
TA05,TA05_J12,5,2,86
TA05,TA05_J12,6,4,19
TA05,TA05_J12,7,13,64
TA05,TA05_J12,8,11,52
TA05,TA05_J12,9,8,22
TA05,TA05_J12,10,0,50
TA05,TA05_J12,11,10,11
TA05,TA05_J12,12,3,73
TA05,TA05_J12,13,1,77
TA05,TA05_J12,14,9,16
TA05,TA05_J12,15,14,75
TA05,TA05_J13,1,12,21
TA05,TA05_J13,2,13,80
TA05,TA05_J13,3,8,30
TA05,TA05_J13,4,7,32
TA05,TA05_J13,5,1,22
TA05,TA05_J13,6,6,23
TA05,TA05_J13,7,0,85
TA05,TA05_J13,8,5,92
TA05,TA05_J13,9,9,14
TA05,TA05_J13,10,10,13
TA05,TA05_J13,11,4,68
TA05,TA05_J13,12,2,60
TA05,TA05_J13,13,14,45
TA05,TA05_J13,14,3,32
TA05,TA05_J13,15,11,90
TA05,TA05_J14,1,12,29
TA05,TA05_J14,2,1,95
TA05,TA05_J14,3,4,52
TA05,TA05_J14,4,8,59
TA05,TA05_J14,5,6,33
TA05,TA05_J14,6,10,12
TA05,TA05_J14,7,7,73
TA05,TA05_J14,8,3,96
TA05,TA05_J14,9,0,75
TA05,TA05_J14,10,5,12
TA05,TA05_J14,11,13,83
TA05,TA05_J14,12,2,3
TA05,TA05_J14,13,9,90
TA05,TA05_J14,14,14,57
TA05,TA05_J14,15,11,6
TA05,TA05_J15,1,7,94
TA05,TA05_J15,2,5,18
TA05,TA05_J15,3,0,54
TA05,TA05_J15,4,10,42
TA05,TA05_J15,5,2,70
TA05,TA05_J15,6,3,29
TA05,TA05_J15,7,9,43
TA05,TA05_J15,8,6,50
TA05,TA05_J15,9,11,75
TA05,TA05_J15,10,8,70
TA05,TA05_J15,11,1,40
TA05,TA05_J15,12,4,48
TA05,TA05_J15,13,14,1
TA05,TA05_J15,14,12,27
TA05,TA05_J15,15,13,12
TA10,TA10_J1,1,8,35
TA10,TA10_J1,2,2,78
TA10,TA10_J1,3,7,79
TA10,TA10_J1,4,14,65
TA10,TA10_J1,5,12,53
TA10,TA10_J1,6,0,14
TA10,TA10_J1,7,4,93
TA10,TA10_J1,8,3,70
TA10,TA10_J1,9,13,14
TA10,TA10_J1,10,5,90
TA10,TA10_J1,11,9,95
TA10,TA10_J1,12,10,49
TA10,TA10_J1,13,6,36
TA10,TA10_J1,14,1,85
TA10,TA10_J1,15,11,1
TA10,TA10_J2,1,2,83
TA10,TA10_J2,2,8,41
TA10,TA10_J2,3,6,22
TA10,TA10_J2,4,4,29
TA10,TA10_J2,5,11,52
TA10,TA10_J2,6,0,71
TA10,TA10_J2,7,9,16
TA10,TA10_J2,8,7,93
TA10,TA10_J2,9,5,54
TA10,TA10_J2,10,3,63
TA10,TA10_J2,11,1,12
TA10,TA10_J2,12,10,85
TA10,TA10_J2,13,13,62
TA10,TA10_J2,14,14,45
TA10,TA10_J2,15,12,30
TA10,TA10_J3,1,5,60
TA10,TA10_J3,2,11,43
TA10,TA10_J3,3,8,71
TA10,TA10_J3,4,14,2
TA10,TA10_J3,5,12,50
TA10,TA10_J3,6,1,37
TA10,TA10_J3,7,4,86
TA10,TA10_J3,8,9,81
TA10,TA10_J3,9,10,60
TA10,TA10_J3,10,6,57
TA10,TA10_J3,11,13,66
TA10,TA10_J3,12,0,24
TA10,TA10_J3,13,2,98
TA10,TA10_J3,14,3,92
TA10,TA10_J3,15,7,69
TA10,TA10_J4,1,9,14
TA10,TA10_J4,2,13,59
TA10,TA10_J4,3,8,35
TA10,TA10_J4,4,6,6
TA10,TA10_J4,5,12,25
TA10,TA10_J4,6,5,57
TA10,TA10_J4,7,10,1
TA10,TA10_J4,8,2,44
TA10,TA10_J4,9,1,94
TA10,TA10_J4,10,0,30
TA10,TA10_J4,11,14,95
TA10,TA10_J4,12,11,93
TA10,TA10_J4,13,3,51
TA10,TA10_J4,14,4,52
TA10,TA10_J4,15,7,16
TA10,TA10_J5,1,8,96
TA10,TA10_J5,2,10,39
TA10,TA10_J5,3,3,75
TA10,TA10_J5,4,13,98
TA10,TA10_J5,5,14,2
TA10,TA10_J5,6,5,38
TA10,TA10_J5,7,4,69
TA10,TA10_J5,8,0,32
TA10,TA10_J5,9,12,95
TA10,TA10_J5,10,11,63
TA10,TA10_J5,11,9,4
TA10,TA10_J5,12,6,11
TA10,TA10_J5,13,2,50
TA10,TA10_J5,14,1,95
TA10,TA10_J5,15,7,78
TA10,TA10_J6,1,7,73
TA10,TA10_J6,2,2,28
TA10,TA10_J6,3,9,43
TA10,TA10_J6,4,5,47
TA10,TA10_J6,5,10,57
TA10,TA10_J6,6,4,88
TA10,TA10_J6,7,3,33
TA10,TA10_J6,8,1,13
TA10,TA10_J6,9,11,7
TA10,TA10_J6,10,8,49
TA10,TA10_J6,11,6,23
TA10,TA10_J6,12,14,38
TA10,TA10_J6,13,13,21
TA10,TA10_J6,14,0,99
TA10,TA10_J6,15,12,72
TA10,TA10_J7,1,2,3
TA10,TA10_J7,2,10,80
TA10,TA10_J7,3,1,67
TA10,TA10_J7,4,12,93
TA10,TA10_J7,5,14,91
TA10,TA10_J7,6,3,31
TA10,TA10_J7,7,0,52
TA10,TA10_J7,8,4,64
TA10,TA10_J7,9,9,83
TA10,TA10_J7,10,5,2
TA10,TA10_J7,11,11,90
TA10,TA10_J7,12,13,64
TA10,TA10_J7,13,7,16
TA10,TA10_J7,14,8,18
TA10,TA10_J7,15,6,25
TA10,TA10_J8,1,13,23
TA10,TA10_J8,2,6,30
TA10,TA10_J8,3,11,22
TA10,TA10_J8,4,12,54
TA10,TA10_J8,5,8,68
TA10,TA10_J8,6,7,63
TA10,TA10_J8,7,14,89
TA10,TA10_J8,8,5,95
TA10,TA10_J8,9,3,5
TA10,TA10_J8,10,4,37
TA10,TA10_J8,11,0,5
TA10,TA10_J8,12,10,42
TA10,TA10_J8,13,2,17
TA10,TA10_J8,14,1,54
TA10,TA10_J8,15,9,46
TA10,TA10_J9,1,8,44
TA10,TA10_J9,2,4,59
TA10,TA10_J9,3,6,87
TA10,TA10_J9,4,7,62
TA10,TA10_J9,5,0,51
TA10,TA10_J9,6,11,55
TA10,TA10_J9,7,13,3
TA10,TA10_J9,8,12,40
TA10,TA10_J9,9,2,26
TA10,TA10_J9,10,3,18
TA10,TA10_J9,11,10,15
TA10,TA10_J9,12,1,18
TA10,TA10_J9,13,5,72
TA10,TA10_J9,14,14,35
TA10,TA10_J9,15,9,60
TA10,TA10_J10,1,2,27
TA10,TA10_J10,2,6,14
TA10,TA10_J10,3,12,77
TA10,TA10_J10,4,9,24
TA10,TA10_J10,5,8,55
TA10,TA10_J10,6,11,67
TA10,TA10_J10,7,1,59
TA10,TA10_J10,8,3,19
TA10,TA10_J10,9,13,29
TA10,TA10_J10,10,4,33
TA10,TA10_J10,11,10,88
TA10,TA10_J10,12,5,30
TA10,TA10_J10,13,0,91
TA10,TA10_J10,14,7,11
TA10,TA10_J10,15,14,11
TA10,TA10_J11,1,0,67
TA10,TA10_J11,2,9,94
TA10,TA10_J11,3,4,50
TA10,TA10_J11,4,8,2
TA10,TA10_J11,5,10,83
TA10,TA10_J11,6,2,19
TA10,TA10_J11,7,11,29
TA10,TA10_J11,8,12,37
TA10,TA10_J11,9,14,58
TA10,TA10_J11,10,6,32
TA10,TA10_J11,11,3,38
TA10,TA10_J11,12,7,99
TA10,TA10_J11,13,5,88
TA10,TA10_J11,14,1,49
TA10,TA10_J11,15,13,70
TA10,TA10_J12,1,8,60
TA10,TA10_J12,2,1,7
TA10,TA10_J12,3,12,81
TA10,TA10_J12,4,5,82
TA10,TA10_J12,5,7,58
TA10,TA10_J12,6,10,83
TA10,TA10_J12,7,9,16
TA10,TA10_J12,8,4,1
TA10,TA10_J12,9,11,69
TA10,TA10_J12,10,6,7
TA10,TA10_J12,11,13,3
TA10,TA10_J12,12,2,84
TA10,TA10_J12,13,14,8
TA10,TA10_J12,14,0,12
TA10,TA10_J12,15,3,93
TA10,TA10_J13,1,13,92
TA10,TA10_J13,2,14,81
TA10,TA10_J13,3,2,4
TA10,TA10_J13,4,9,78
TA10,TA10_J13,5,7,9
TA10,TA10_J13,6,8,78
TA10,TA10_J13,7,12,75
TA10,TA10_J13,8,4,5
TA10,TA10_J13,9,10,50
TA10,TA10_J13,10,6,8
TA10,TA10_J13,11,1,44
TA10,TA10_J13,12,0,4
TA10,TA10_J13,13,5,60
TA10,TA10_J13,14,11,94
TA10,TA10_J13,15,3,74
TA10,TA10_J14,1,1,32
TA10,TA10_J14,2,0,88
TA10,TA10_J14,3,12,31
TA10,TA10_J14,4,2,68
TA10,TA10_J14,5,13,31
TA10,TA10_J14,6,8,10
TA10,TA10_J14,7,3,45
TA10,TA10_J14,8,14,75
TA10,TA10_J14,9,4,82
TA10,TA10_J14,10,7,51
TA10,TA10_J14,11,6,55
TA10,TA10_J14,12,9,99
TA10,TA10_J14,13,11,44
TA10,TA10_J14,14,10,84
TA10,TA10_J14,15,5,22
TA10,TA10_J15,1,3,12
TA10,TA10_J15,2,13,35
TA10,TA10_J15,3,2,64
TA10,TA10_J15,4,5,17
TA10,TA10_J15,5,9,42
TA10,TA10_J15,6,6,46
TA10,TA10_J15,7,7,65
TA10,TA10_J15,8,4,74
TA10,TA10_J15,9,8,96
TA10,TA10_J15,10,0,28
TA10,TA10_J15,11,12,86
TA10,TA10_J15,12,10,95
TA10,TA10_J15,13,14,93
TA10,TA10_J15,14,1,67
TA10,TA10_J15,15,11,56
TA20,TA20_J1,1,7,84
TA20,TA20_J1,2,0,58
TA20,TA20_J1,3,12,71
TA20,TA20_J1,4,4,26
TA20,TA20_J1,5,1,98
TA20,TA20_J1,6,9,36
TA20,TA20_J1,7,2,12
TA20,TA20_J1,8,11,30
TA20,TA20_J1,9,10,87
TA20,TA20_J1,10,14,95
TA20,TA20_J1,11,5,45
TA20,TA20_J1,12,6,28
TA20,TA20_J1,13,13,73
TA20,TA20_J1,14,3,73
TA20,TA20_J1,15,8,45
TA20,TA20_J2,1,4,29
TA20,TA20_J2,2,8,22
TA20,TA20_J2,3,7,47
TA20,TA20_J2,4,3,75
TA20,TA20_J2,5,9,94
TA20,TA20_J2,6,13,15
TA20,TA20_J2,7,12,4
TA20,TA20_J2,8,0,82
TA20,TA20_J2,9,11,14
TA20,TA20_J2,10,10,35
TA20,TA20_J2,11,1,79
TA20,TA20_J2,12,6,34
TA20,TA20_J2,13,5,57
TA20,TA20_J2,14,14,23
TA20,TA20_J2,15,2,56
TA20,TA20_J3,1,1,73
TA20,TA20_J3,2,4,36
TA20,TA20_J3,3,7,48
TA20,TA20_J3,4,13,26
TA20,TA20_J3,5,3,49
TA20,TA20_J3,6,8,60
TA20,TA20_J3,7,10,15
TA20,TA20_J3,8,5,66
TA20,TA20_J3,9,12,90
TA20,TA20_J3,10,14,39
TA20,TA20_J3,11,9,8
TA20,TA20_J3,12,6,74
TA20,TA20_J3,13,2,63
TA20,TA20_J3,14,0,94
TA20,TA20_J3,15,11,91
TA20,TA20_J4,1,5,1
TA20,TA20_J4,2,11,35
TA20,TA20_J4,3,9,23
TA20,TA20_J4,4,12,93
TA20,TA20_J4,5,7,75
TA20,TA20_J4,6,1,50
TA20,TA20_J4,7,6,40
TA20,TA20_J4,8,13,60
TA20,TA20_J4,9,8,41
TA20,TA20_J4,10,2,7
TA20,TA20_J4,11,0,57
TA20,TA20_J4,12,14,72
TA20,TA20_J4,13,3,40
TA20,TA20_J4,14,4,75
TA20,TA20_J4,15,10,7
TA20,TA20_J5,1,4,13
TA20,TA20_J5,2,11,15
TA20,TA20_J5,3,12,17
TA20,TA20_J5,4,1,14
TA20,TA20_J5,5,0,67
TA20,TA20_J5,6,9,94
TA20,TA20_J5,7,6,18
TA20,TA20_J5,8,13,52
TA20,TA20_J5,9,2,53
TA20,TA20_J5,10,14,16
TA20,TA20_J5,11,5,33
TA20,TA20_J5,12,10,61
TA20,TA20_J5,13,3,47
TA20,TA20_J5,14,8,65
TA20,TA20_J5,15,7,39
TA20,TA20_J6,1,2,54
TA20,TA20_J6,2,6,80
TA20,TA20_J6,3,3,87
TA20,TA20_J6,4,8,36
TA20,TA20_J6,5,14,54
TA20,TA20_J6,6,0,72
TA20,TA20_J6,7,4,17
TA20,TA20_J6,8,10,44
TA20,TA20_J6,9,11,37
TA20,TA20_J6,10,1,88
TA20,TA20_J6,11,7,77
TA20,TA20_J6,12,13,84
TA20,TA20_J6,13,12,17
TA20,TA20_J6,14,5,82
TA20,TA20_J6,15,9,90
TA20,TA20_J7,1,4,4
TA20,TA20_J7,2,14,62
TA20,TA20_J7,3,5,33
TA20,TA20_J7,4,10,62
TA20,TA20_J7,5,8,86
TA20,TA20_J7,6,7,30
TA20,TA20_J7,7,6,39
TA20,TA20_J7,8,1,67
TA20,TA20_J7,9,0,42
TA20,TA20_J7,10,12,31
TA20,TA20_J7,11,9,83
TA20,TA20_J7,12,13,39
TA20,TA20_J7,13,11,67
TA20,TA20_J7,14,3,67
TA20,TA20_J7,15,2,31
TA20,TA20_J8,1,7,29
TA20,TA20_J8,2,10,29
TA20,TA20_J8,3,11,69
TA20,TA20_J8,4,14,26
TA20,TA20_J8,5,3,55
TA20,TA20_J8,6,2,46
TA20,TA20_J8,7,4,53
TA20,TA20_J8,8,5,65
TA20,TA20_J8,9,1,97
TA20,TA20_J8,10,12,24
TA20,TA20_J8,11,9,69
TA20,TA20_J8,12,6,22
TA20,TA20_J8,13,13,17
TA20,TA20_J8,14,0,39
TA20,TA20_J8,15,8,13
TA20,TA20_J9,1,14,12
TA20,TA20_J9,2,11,73
TA20,TA20_J9,3,0,36
TA20,TA20_J9,4,13,70
TA20,TA20_J9,5,3,12
TA20,TA20_J9,6,2,80
TA20,TA20_J9,7,1,99
TA20,TA20_J9,8,8,70
TA20,TA20_J9,9,5,51
TA20,TA20_J9,10,7,14
TA20,TA20_J9,11,4,71
TA20,TA20_J9,12,12,28
TA20,TA20_J9,13,6,35
TA20,TA20_J9,14,10,58
TA20,TA20_J9,15,9,35
TA20,TA20_J10,1,0,61
TA20,TA20_J10,2,5,49
TA20,TA20_J10,3,12,74
TA20,TA20_J10,4,1,90
TA20,TA20_J10,5,13,60
TA20,TA20_J10,6,10,88
TA20,TA20_J10,7,9,3
TA20,TA20_J10,8,4,60
TA20,TA20_J10,9,2,59
TA20,TA20_J10,10,8,94
TA20,TA20_J10,11,14,91
TA20,TA20_J10,12,11,34
TA20,TA20_J10,13,7,26
TA20,TA20_J10,14,6,4
TA20,TA20_J10,15,3,26
TA20,TA20_J11,1,4,89
TA20,TA20_J11,2,3,90
TA20,TA20_J11,3,8,95
TA20,TA20_J11,4,12,32
TA20,TA20_J11,5,9,18
TA20,TA20_J11,6,11,73
TA20,TA20_J11,7,2,9
TA20,TA20_J11,8,14,19
TA20,TA20_J11,9,5,97
TA20,TA20_J11,10,7,58
TA20,TA20_J11,11,13,36
TA20,TA20_J11,12,6,62
TA20,TA20_J11,13,10,13
TA20,TA20_J11,14,1,16
TA20,TA20_J11,15,0,1
TA20,TA20_J12,1,9,71
TA20,TA20_J12,2,6,47
TA20,TA20_J12,3,1,95
TA20,TA20_J12,4,0,7
TA20,TA20_J12,5,14,63
TA20,TA20_J12,6,7,49
TA20,TA20_J12,7,13,24
TA20,TA20_J12,8,12,46
TA20,TA20_J12,9,2,72
TA20,TA20_J12,10,11,73
TA20,TA20_J12,11,5,19
TA20,TA20_J12,12,8,96
TA20,TA20_J12,13,10,41
TA20,TA20_J12,14,3,15
TA20,TA20_J12,15,4,81
TA20,TA20_J13,1,4,45
TA20,TA20_J13,2,3,9
TA20,TA20_J13,3,0,97
TA20,TA20_J13,4,14,62
TA20,TA20_J13,5,13,77
TA20,TA20_J13,6,9,78
TA20,TA20_J13,7,7,70
TA20,TA20_J13,8,2,19
TA20,TA20_J13,9,11,86
TA20,TA20_J13,10,8,15
TA20,TA20_J13,11,10,23
TA20,TA20_J13,12,1,46
TA20,TA20_J13,13,6,32
TA20,TA20_J13,14,12,6
TA20,TA20_J13,15,5,70
TA20,TA20_J14,1,12,74
TA20,TA20_J14,2,10,46
TA20,TA20_J14,3,3,98
TA20,TA20_J14,4,6,1
TA20,TA20_J14,5,4,53
TA20,TA20_J14,6,5,59
TA20,TA20_J14,7,0,86
TA20,TA20_J14,8,7,98
TA20,TA20_J14,9,2,76
TA20,TA20_J14,10,8,12
TA20,TA20_J14,11,13,91
TA20,TA20_J14,12,11,98
TA20,TA20_J14,13,14,98
TA20,TA20_J14,14,9,11
TA20,TA20_J14,15,1,27
TA20,TA20_J15,1,14,73
TA20,TA20_J15,2,7,70
TA20,TA20_J15,3,5,14
TA20,TA20_J15,4,8,32
TA20,TA20_J15,5,11,19
TA20,TA20_J15,6,0,57
TA20,TA20_J15,7,2,17
TA20,TA20_J15,8,13,96
TA20,TA20_J15,9,12,56
TA20,TA20_J15,10,4,73
TA20,TA20_J15,11,6,32
TA20,TA20_J15,12,1,7
TA20,TA20_J15,13,10,79
TA20,TA20_J15,14,9,10
TA20,TA20_J15,15,3,91
TA20,TA20_J16,1,6,39
TA20,TA20_J16,2,14,87
TA20,TA20_J16,3,12,11
TA20,TA20_J16,4,2,81
TA20,TA20_J16,5,7,7
TA20,TA20_J16,6,5,79
TA20,TA20_J16,7,8,24
TA20,TA20_J16,8,13,9
TA20,TA20_J16,9,11,58
TA20,TA20_J16,10,9,42
TA20,TA20_J16,11,0,67
TA20,TA20_J16,12,3,27
TA20,TA20_J16,13,4,20
TA20,TA20_J16,14,1,19
TA20,TA20_J16,15,10,67
TA20,TA20_J17,1,9,76
TA20,TA20_J17,2,5,89
TA20,TA20_J17,3,14,64
TA20,TA20_J17,4,10,14
TA20,TA20_J17,5,12,11
TA20,TA20_J17,6,1,14
TA20,TA20_J17,7,4,99
TA20,TA20_J17,8,13,85
TA20,TA20_J17,9,0,81
TA20,TA20_J17,10,11,3
TA20,TA20_J17,11,3,46
TA20,TA20_J17,12,2,47
TA20,TA20_J17,13,7,40
TA20,TA20_J17,14,6,81
TA20,TA20_J17,15,8,27
TA20,TA20_J18,1,9,55
TA20,TA20_J18,2,12,71
TA20,TA20_J18,3,4,5
TA20,TA20_J18,4,14,83
TA20,TA20_J18,5,11,16
TA20,TA20_J18,6,8,4
TA20,TA20_J18,7,0,20
TA20,TA20_J18,8,7,15
TA20,TA20_J18,9,5,60
TA20,TA20_J18,10,3,8
TA20,TA20_J18,11,1,93
TA20,TA20_J18,12,10,33
TA20,TA20_J18,13,6,63
TA20,TA20_J18,14,13,71
TA20,TA20_J18,15,2,29
TA20,TA20_J19,1,12,92
TA20,TA20_J19,2,2,25
TA20,TA20_J19,3,3,8
TA20,TA20_J19,4,14,86
TA20,TA20_J19,5,5,22
TA20,TA20_J19,6,1,79
TA20,TA20_J19,7,6,23
TA20,TA20_J19,8,11,96
TA20,TA20_J19,9,13,24
TA20,TA20_J19,10,9,94
TA20,TA20_J19,11,7,97
TA20,TA20_J19,12,10,17
TA20,TA20_J19,13,8,48
TA20,TA20_J19,14,0,67
TA20,TA20_J19,15,4,47
TA20,TA20_J20,1,3,5
TA20,TA20_J20,2,12,77
TA20,TA20_J20,3,10,74
TA20,TA20_J20,4,5,59
TA20,TA20_J20,5,14,13
TA20,TA20_J20,6,0,57
TA20,TA20_J20,7,9,62
TA20,TA20_J20,8,8,37
TA20,TA20_J20,9,13,54
TA20,TA20_J20,10,6,69
TA20,TA20_J20,11,11,80
TA20,TA20_J20,12,1,35
TA20,TA20_J20,13,7,88
TA20,TA20_J20,14,2,47
TA20,TA20_J20,15,4,98
